Title,Date
"Stranger Things: Stranger Things 4: Chapter Two: Vecna's Curse","7/1/22"
"Soul Surfer","6/30/22"
"Lean on Me","6/29/22"
"All That: Season 3: Episode 2","6/27/22"
"All That: Season 3: Episode 1","6/27/22"
"Iron Chef: Quest for an Iron Legend: Battle Street Food","6/26/22"
"Stranger Things: Stranger Things 4: Chapter One: The Hellfire Club","6/24/22"
"Stranger Things: Chapter Three: Holly, Jolly","6/24/22"
"The Witcher: Season 2: Family","6/24/22"
"The Witcher: Season 2: Voleth Meir","6/23/22"
"The Witcher: Season 2: Dear Friend...","6/23/22"
"The Witcher: Season 2: Turn Your Back","6/23/22"
"Our Planet: Season 1: Forests","6/23/22"
"Our Planet: Season 1: Fresh Water","6/21/22"
"Love, Death & Robots: Volume 3: Jibaro","6/21/22"
"Django Unchained","6/18/22"
"Fun with Dick & Jane","6/18/22"
"Seven Years in Tibet","6/18/22"
"Spiderhead","6/17/22"
"Old Enough!: Episode 1","6/15/22"
"God's Favorite Idiot: B-Minus","6/15/22"
"Vice","6/15/22"
"Dumb and Dumber","6/13/22"
"My Next Guest Needs No Introduction With David Letterman: Season 4: Ryan Reynolds","6/13/22"
"My Next Guest Needs No Introduction With David Letterman: Season 4: Cardi B","6/13/22"
"My Next Guest Needs No Introduction With David Letterman: Season 4: Billie Eilish","6/13/22"
"Hustle","6/10/22"
"Love on the Spectrum: Season 2: Episode 6","6/10/22"
"Love on the Spectrum: Season 2: Episode 5","6/10/22"
"Love on the Spectrum: Season 2: Episode 4","6/10/22"
"Love on the Spectrum: Season 2: Episode 3","6/9/22"
"Love on the Spectrum: Season 2: Episode 2","6/9/22"
"Love on the Spectrum: Season 2: Episode 1","6/8/22"
"Love on the Spectrum: Season 1: Episode 5","6/8/22"
"Love on the Spectrum: Season 1: Episode 4","6/8/22"
"Love on the Spectrum: Season 1: Episode 3","6/7/22"
"Love on the Spectrum: Season 1: Episode 2","6/7/22"
"Love on the Spectrum: Season 1: Episode 1","6/7/22"
"Ricky Gervais: SuperNature","6/7/22"
"Happy Gilmore","6/4/22"
"Jackass 4.5","6/4/22"
"Anchorman: The Legend of Ron Burgundy","6/4/22"
"Love on the Spectrum U.S.: Episode 6","5/29/22"
"Love on the Spectrum U.S.: Episode 5","5/29/22"
"Love on the Spectrum U.S.: Episode 4","5/29/22"
"Love on the Spectrum U.S.: Episode 3","5/29/22"
"Love on the Spectrum U.S.: Episode 2","5/28/22"
"Love on the Spectrum U.S.: Episode 1","5/28/22"
"Love, Death & Robots: Volume 1: GOOD HUNTING","5/28/22"
"Love, Death & Robots: Volume 1: SONNIE'S EDGE","5/28/22"
"Love, Death & Robots: Volume 1: ICE AGE","5/27/22"
"Love, Death & Robots: Volume 2: Pop Squad","5/27/22"
"Love, Death & Robots: Volume 3: In Vaulted Halls Entombed","5/26/22"
"Love, Death & Robots: Volume 3: Mason's Rats","5/26/22"
"Love, Death & Robots: Volume 3: Swarm","5/26/22"
"Love, Death & Robots: Volume 3: Kill Team Kill","5/26/22"
"Love, Death & Robots: Volume 3: Night of the Mini Dead","5/26/22"
"Love, Death & Robots: Volume 3: The Very Pulse of the Machine","5/25/22"
"Love, Death & Robots: Volume 3: Bad Travelling","5/25/22"
"Love, Death & Robots: Volume 3: Three Robots: Exit Strategies","5/25/22"
"Yu-Gi-Oh!: The Ultimate Great Moth","5/19/22"
"Yu-Gi-Oh!: Into the Hornet's Nest","5/19/22"
"Yu-Gi-Oh!: Journey to the Duelist Kingdom","5/19/22"
"Yu-Gi-Oh!: The Gauntlet Is Thrown","5/19/22"
"The Pentaverate: Episode 2","5/19/22"
"The Pentaverate: Episode 1","5/19/22"
"Eurovision Song Contest: The Story of Fire Saga","5/14/22"
"Charlie and the Chocolate Factory","5/14/22"
"Forrest Gump","5/12/22"
"How to Train Your Dragon","5/5/22"
"Her","5/5/22"
"Kung Fu Panda 3","5/5/22"
"Bubble","5/4/22"
"Naruto: Season 6: Follow My Lead! The Great Survival Challenge!","4/24/22"
"Naruto: Season 6: Run! The Curry of Life!","4/24/22"
"Choose or Die","4/20/22"
"Beerfest","4/18/22"
"Gattaca","4/17/22"
"Sorry to Bother You","4/17/22"
"Without a Paddle","4/17/22"
"JoJo's Bizarre Adventure: Phantom Blood/Battle Tendency: The Dark Knights","4/9/22"
"The Imitation Game","4/6/22"
"The Blind Side","4/3/22"
"Space Force: Season 2: THE HACK","3/24/22"
"Space Force: Season 2: THE DOCTOR'S APPOINTMENT","3/22/22"
"Space Force: Season 2: MAD (BUFF) CONFIDENCE","3/22/22"
"Space Force: Season 2: THE EUROPA PROJECT","3/22/22"
"Is It Cake?: Season 1: Fast-Food Fakeout","3/22/22"
"Space Force: Season 2: THE CHINESE DELEGATION","3/20/22"
"Space Force: Season 2: BUDGET CUTS","3/20/22"
"Space Force: Season 2: THE INQUIRY","3/20/22"
"Space Force: Season 1: PROPORTIONATE RESPONSE","3/20/22"
"Space Force: Season 1: IT’S GOOD TO BE BACK ON THE MOON","3/19/22"
"Space Force: Season 1: CONJUGAL VISIT","3/19/22"
"Space Force: Season 1: EDISON JAYMES","3/19/22"
"Space Force: Season 1: THE SPY","3/18/22"
"Space Force: Season 1: SPACE FLAG","3/18/22"
"Space Force: Season 1: LUNAR HABITAT","3/18/22"
"The Shawshank Redemption","3/18/22"
"Osmosis Jones","3/11/22"
"The Adam Project","3/11/22"
"The Replacements","3/11/22"
"Space Force: Season 1: MARK AND MALLORY GO TO WASHINGTON","3/10/22"
"Space Force: Season 1: SAVE EPSILON 6!","3/9/22"
"Space Force: Season 1: THE LAUNCH","3/9/22"
" ","3/4/22"
"jeen-yuhs: A Kanye Trilogy: act iii: AWAKENING","3/3/22"
"If Anything Happens I Love You","2/25/22"
"jeen-yuhs: A Kanye Trilogy: act ii: PURPOSE","2/25/22"
"Despicable Me 2","2/19/22"
"St. Vincent","2/19/22"
"Ali Wong: Don Wong","2/19/22"
"The Dark Knight","2/18/22"
"Magi: The Labyrinth of Magic: Aladdin and Alibaba","2/17/22"
"jeen-yuhs: A Kanye Trilogy: act i: VISION","2/17/22"
"That's My Boy","2/13/22"
"The Hangover","2/13/22"
"The Final Destination","2/12/22"
"The Witcher: Season 2: Redanian Intelligence","2/12/22"
"The Witcher: Season 2: What Is Lost","2/12/22"
"The Witcher: Season 2: Kaer Morhen","2/12/22"
"Murderville: The Magician’s Assistant","2/3/22"
"Don't Look Up","1/29/22"
"Seinfeld: Season 2: The Busboy","1/25/22"
"Seinfeld: Season 2: The Chinese Restaurant","1/25/22"
"Seinfeld: Season 2: The Baby Shower","1/25/22"
"Seinfeld: Season 2: The Deal","1/25/22"
"Seinfeld: Season 2: The Heart Attack","1/25/22"
"Seinfeld: Season 2: The Revenge","1/24/22"
"Seinfeld: Season 2: The Statue","1/24/22"
"Seinfeld: Season 2: The Apartment","1/24/22"
"Seinfeld: Season 2: The Phone Message","1/24/22"
"Seinfeld: Season 2: The Jacket","1/24/22"
"Seinfeld: Season 2: The Pony Remark","1/24/22"
"Seinfeld: Season 2: The Ex-Girlfriend","1/23/22"
"Bo Burnham: Make Happy","1/16/22"
"Theo Von: Regular People","1/16/22"
"I Love You, Man","1/16/22"
"The Wedding Singer","1/13/22"
"Taylor Tomlinson: Quarter-Life Crisis","1/13/22"
"Big Fish","1/13/22"
"Into the Wild","1/13/22"
"Zach Stone Is Gonna Be Famous: Zach Stone is Gonna Be a Recording Artist","1/5/22"
"Zach Stone Is Gonna Be Famous: Pilot","1/5/22"
"Cobra Kai: Season 4: The Rise","1/2/22"
"Cobra Kai: Season 4: The Fall","1/2/22"
"Cobra Kai: Season 4: Party Time","1/2/22"
"Cobra Kai: Season 4: Minefields","1/2/22"
"Cobra Kai: Season 4: Kicks Get Chicks","1/2/22"
"Cobra Kai: Season 4: Match Point","1/2/22"
"Cobra Kai: Season 4: Bicephaly","1/2/22"
"Cobra Kai: Season 4: Then Learn Fly","1/1/22"
"Cobra Kai: Season 4: First Learn Stand","1/1/22"
"Cobra Kai: Season 4: Let's Begin","1/1/22"
"The Giver","12/21/21"
"Our Planet: Season 1: The High Seas","12/20/21"
"The Witcher: Season 2: A Grain of Truth","12/19/21"
"Looper","12/19/21"
"The Unforgivable","12/13/21"
"Johnny Mnemonic","12/12/21"
"Everything Must Go","12/11/21"
"Thirteen Ghosts","12/5/21"
"Secret Window","12/4/21"
"About Time","11/18/21"
"Rain Man","11/16/21"
"The Lincoln Lawyer","11/13/21"
"Red Notice","11/12/21"
"What's Eating Gilbert Grape","11/11/21"
"Just Friends","11/11/21"
"Neon Genesis Evangelion: A Miracle’s Worth","11/11/21"
"A River Runs Through It","11/10/21"
"Hall Pass","11/5/21"
"Moneyball","11/5/21"
"The Interview","11/1/21"
"The Wrong Missy","11/1/21"
"Hypnotic","10/30/21"
"Marco Polo: Season 1: The Wayfarer","10/28/21"
"Zodiac","10/28/21"
"Maya and the Three: Limited Series: Chapter 1: Quinceañera","10/28/21"
"Our Planet: Season 1: From Deserts to Grasslands","10/27/21"
"Inside Job: Unpresidented","10/25/21"
"Serendipity","10/25/21"
"Grown Ups","10/24/21"
"The Men Who Stare at Goats","10/24/21"
"Cowboy Bebop: Stray Dog Strut","10/24/21"
"Cowboy Bebop: Asteroid Blues","10/23/21"
"Neon Genesis Evangelion: In the Still Darkness","10/21/21"
"Seinfeld: Season 1: The Stock Tip","10/18/21"
"The Holiday","10/16/21"
"Fantastic Fungi","10/16/21"
"Neon Genesis Evangelion: The Magma Diver","10/15/21"
"Neon Genesis Evangelion: Mind, Matching, Moment","10/14/21"
"Neon Genesis Evangelion: Asuka Arrives in Japan","10/14/21"
"Neon Genesis Evangelion: The Works of Man","10/14/21"
"Neon Genesis Evangelion: Showdown in Tokyo-3","10/14/21"
"Talladega Nights: The Ballad of Ricky Bobby","10/13/21"
"Seinfeld: Season 1: Male Unbonding","10/10/21"
"Seinfeld: Season 1: The Robbery","10/10/21"
"Seinfeld: Season 1: The Stake Out","10/10/21"
"Seinfeld: Season 1: Seinfeld","10/10/21"
"Titanic","10/10/21"
"Neon Genesis Evangelion: Rei, Beyond the Heart","10/9/21"
"Neon Genesis Evangelion: Rain, After Running Away","10/9/21"
"Neon Genesis Evangelion: The Silent Phone","10/9/21"
"Neon Genesis Evangelion: Unfamiliar Ceilings","10/9/21"
"Neon Genesis Evangelion: Angel Attack","10/9/21"
"Pokémon the Movie: Secrets of the Jungle","10/9/21"
"Step Brothers","10/8/21"
"Pokémon The Series: Indigo League: Bulbasaur and the Hidden Village","10/7/21"
"Awakenings","10/6/21"
"Oats Studios: Rakka","10/6/21"
"Ferris Bueller's Day Off","10/6/21"
"Project X","10/6/21"
"The Seven Deadly Sins: The Seven Deadly Sins","10/5/21"
"The Karate Kid","10/5/21"
"Fullmetal Alchemist: Brotherhood: Fullmetal Alchemist","10/4/21"
"Yowamushi Pedal: Because I Can Go to Akiba for Free","10/3/21"
"Gladiator","10/3/21"
"The Guilty","10/2/21"
"Naruto: Season 6: Raiga's Counterattack","10/1/21"
"Black Mirror: Season 2: Be Right Back","10/1/21"
"Kiss Me First: Off the Rails","9/30/21"
"Kiss Me First: Make It Stop","9/29/21"
"Kiss Me First: She Did Something","9/29/21"
"Britney Vs Spears","9/29/21"
"Black Mirror: Season 2: White Christmas","9/26/21"
"Black Mirror: Season 2: The Waldo Moment","9/26/21"
"Black Mirror: Season 1: The National Anthem","9/26/21"
"Black Mirror: Season 1: The Entire History of You","9/26/21"
"Black Mirror: Season 1: Fifteen Million Merits","9/26/21"
"Pokémon The Series: Indigo League: The School of Hard Knocks","9/26/21"
"Pokémon The Series: Indigo League: The Path to the Pokémon League","9/26/21"
"Pokémon The Series: Indigo League: The Water Flowers of Cerulean City","9/26/21"
"Pokémon The Series: Indigo League: Clefairy and the Moon Stone","9/26/21"
"Pokémon The Series: Indigo League: Showdown in Pewter City","9/26/21"
"Pokémon The Series: Indigo League: Challenge of the Samurai","9/26/21"
"ONE PIECE: East Blue: Episode 8","9/23/21"
"One-Punch Man: The Strongest Man","9/23/21"
"Squid Game: Season 1: One Lucky Day","9/19/21"
"Squid Game: Season 1: Front Man","9/19/21"
"Squid Game: Season 1: VIPS","9/19/21"
"Squid Game: Season 1: Gganbu","9/19/21"
"Squid Game: Season 1: A Fair World","9/19/21"
"Squid Game: Season 1: Stick to the Team","9/18/21"
"Squid Game: Season 1: The Man with the Umbrella","9/18/21"
"Squid Game: Season 1: Hell","9/18/21"
"Squid Game: Season 1: Red Light, Green Light","9/18/21"
"Stranger Things: Chapter Two: The Weirdo on Maple Street","9/16/21"
"Stranger Things: Chapter One: The Vanishing of Will Byers","9/16/21"
"Avatar: The Last Airbender: Book 1: Imprisoned","9/13/21"
"Avatar: The Last Airbender: Book 1: The King of Omashu","9/12/21"
"Avatar: The Last Airbender: Book 1: The Warriors of Kyoshi","9/12/21"
"Avatar: The Last Airbender: Book 1: The Southern Air Temple","9/12/21"
"Avatar: The Last Airbender: Book 1: The Avatar Returns","9/12/21"
"Avatar: The Last Airbender: Book 1: The Boy in the Iceberg","9/12/21"
"Metal Shop Masters: Migs, Tig and Automobiles","9/11/21"
"Metal Shop Masters: A Shadow of a Doubt","9/11/21"
"Metal Shop Masters: The Sound of Music","9/11/21"
"Metal Shop Masters: Lost in the Sauce","9/11/21"
"Metal Shop Masters: Getting Fishy","9/11/21"
"Metal Shop Masters: Test Your Metal","9/11/21"
"Major Payne","9/11/21"
"Worth","9/11/21"
"The Witcher: Nightmare of the Wolf","9/11/21"
"The Witcher: Season 1: Much More","9/11/21"
"The Witcher: Season 1: Before a Fall","9/10/21"
"The Witcher: Season 1: Rare Species","9/9/21"
"The Witcher: Season 1: Bottled Appetites","9/7/21"
"The Nutty Professor","9/7/21"
"The Witcher: Season 1: Of Banquets, Bastards and Burials","9/6/21"
"The Witcher: Season 1: Betrayer Moon","9/6/21"
"The Witcher: Season 1: Four Marks","9/6/21"
"The Witcher: Season 1: The End’s Beginning","9/6/21"
"Toradora!: Tiger and Dragon","9/6/21"
"Gabriel lglesias: I’m Sorry For What I Said When I Was Hungry","9/4/21"
"Bill Burr: Paper Tiger","9/4/21"
"School of Rock","9/2/21"
"Green Lantern","9/2/21"
"Cobra Kai: Season 3: December 19","8/29/21"
"Cobra Kai: Season 3: Feel the Night","8/29/21"
"Cobra Kai: Season 3: The Good, The Bad, and The Badass","8/29/21"
"The Next Karate Kid","8/29/21"
"Cobra Kai: Season 3: Obstáculos","8/29/21"
"Cobra Kai: Season 3: King Cobra","8/29/21"
"Cobra Kai: Season 3: Miyagi-Do","8/29/21"
"Cobra Kai: Season 3: The Right Path","8/29/21"
"Cobra Kai: Season 3: Now You’re Gonna Pay","8/29/21"
"Cobra Kai: Season 3: Nature Vs. Nurture","8/29/21"
"Words Bubble Up Like Soda Pop","8/26/21"
"Cobra Kai: Season 3: Aftermath","8/22/21"
"Cobra Kai: Season 2: No Mercy","8/22/21"
"Cobra Kai: Season 2: Pulpo","8/22/21"
"Cobra Kai: Season 2: Glory of Love","8/22/21"
"Cobra Kai: Season 2: Lull","8/22/21"
"Cobra Kai: Season 2: Take a Right","8/22/21"
"Cobra Kai: Season 2: All In","8/22/21"
"Cobra Kai: Season 2: The Moment of Truth","8/22/21"
"Cobra Kai: Season 2: Fire and Ice","8/22/21"
"The Karate Kid Part III","8/22/21"
"The Karate Kid Part II","8/22/21"
"Cobra Kai: Season 2: Back in Black","8/21/21"
"Cobra Kai: Season 2: Mercy, Part II","8/21/21"
"Cobra Kai: Season 1: Mercy","8/21/21"
"Cobra Kai: Season 1: Different But Same","8/20/21"
"Cobra Kai: Season 1: Molting","8/20/21"
"Cobra Kai: Season 1: All Valley","8/20/21"
"Cobra Kai: Season 1: Quiver","8/20/21"
"Pokémon The Series: Indigo League: Ash Catches a Pokémon","8/16/21"
"Pawn Stars: Season 2: Aw Shucks!","8/16/21"
"Cobra Kai: Season 1: Counterbalance","8/14/21"
"Cobra Kai: Season 1: Cobra Kai Never Dies","8/14/21"
"Cobra Kai: Season 1: Esqueleto","8/14/21"
"Cobra Kai: Season 1: Strike First","8/14/21"
"Cobra Kai: Season 1: Ace Degenerate","8/13/21"
"The Karate Kid","8/13/21"
"Vivo","8/13/21"
"The Net","8/9/21"
"Akame ga Kill!: Kill Your Cares","8/6/21"
"Akame ga Kill!: Kill the Authority","8/6/21"
"Akame ga Kill!: Kill the Darkness","8/4/21"
"Parasyte: The Maxim: The Metamorphosis","8/1/21"
"BEASTARS: Season 2: The Taste of Rebellion","8/1/21"
"BEASTARS: Season 2: Scatter Your Scales","8/1/21"
"Pokémon The Series: Indigo League: Pokémon Emergency","8/1/21"
"Bad Grandpa .5","7/31/21"
"Record of Ragnarok: Season 1: FILE No.00000000001","7/28/21"
"Record of Ragnarok: Season 1: Joy","7/28/21"
"Record of Ragnarok: Season 1: Killer Move","7/28/21"
"Pokémon The Series: Indigo League: Pokémon - I Choose You!","7/25/21"
"The Final Table: Spain","7/25/21"
"Home","7/24/21"
"The BFG","7/23/21"
"The Final Table: Mexico","7/23/21"
"The Movies That Made Us: Season 2: Back to the Future","7/23/21"
"BEASTARS: Season 2: The Chef's Suspense","7/22/21"
"BEASTARS: Season 2: A Busted Electric Fan","7/22/21"
"BEASTARS: Season 2: Laughing at the Shadows We Cast","7/22/21"
"BEASTARS: Season 2: Unforgettable Sweetness","7/22/21"
"BEASTARS: Season 2: Fly, O Corrupt One","7/22/21"
"BEASTARS: Season 2: Call it Like it is","7/22/21"
"Wheel of Fortune: Season 37: Episode #7128","7/22/21"
"Wheel of Fortune: Season 37: Episode #7127","7/22/21"
"Wheel of Fortune: Season 37: Episode #7102","7/21/21"
"Wheel of Fortune: Season 37: Episode #7061","7/21/21"
"Pawn Stars: Season 2: Gold Diggers","7/21/21"
"Kung Fu Panda 2","7/21/21"
"Pawn Stars: Season 2: Whale Of A Time","7/21/21"
"Pawn Stars: Season 2: Top Secret","7/21/21"
"BEASTARS: Season 2: Entangled","7/19/21"
"BEASTARS: Season 2: Changes","7/19/21"
"BEASTARS: Season 2: The Grey Police Hound Runs","7/19/21"
"BEASTARS: Season 2: A Teen's Never-Ending Alarm","7/19/21"
"BEASTARS: Season 1: In the Storm's Wake","7/19/21"
"BEASTARS: Season 1: To the Neon District","7/19/21"
"BEASTARS: Season 1: A Wolf in Sheep's Clothing","7/19/21"
"BEASTARS: Season 1: Into the Lion's Den","7/19/21"
"BEASTARS: Season 1: Caught like Floss in a Canine's Teeth","7/19/21"
"BEASTARS: Season 1: Below the Fur Coat","7/19/21"
"BEASTARS: Season 1: Blurred Vision – Dream or Reality?","7/19/21"
"BEASTARS: Season 1: Two Sides to the Story","7/18/21"
"BEASTARS: Season 1: Give it Your All","7/18/21"
"BEASTARS: Season 1: A Wolf is Born","7/18/21"
"BEASTARS: Season 1: The Academy’s Top Dogs","7/18/21"
"BEASTARS: Season 1: The Moon and the Beast","7/18/21"
"Midnight Run","7/18/21"
"How to Become a Tyrant: Seize Power","7/18/21"
"Explained: Season 2: Diamonds","7/14/21"
"Explained: Season 2: Coding","7/14/21"
"Manifest: Season 1: Pilot","7/14/21"
"Nacho Libre","7/11/21"
"BoJack Horseman: Season 6: Nice While It Lasted","7/11/21"
"BoJack Horseman: Season 6: The View from Halfway Down","7/10/21"
"BoJack Horseman: Season 6: Angela","7/10/21"
"BoJack Horseman: Season 6: The Horny Unicorn","7/10/21"
"BoJack Horseman: Season 6: Xerox of a Xerox","7/10/21"
"BoJack Horseman: Season 6: Sunk Cost and All That","7/10/21"
"BoJack Horseman: Season 6: Good Damage","7/10/21"
"BoJack Horseman: Season 6: Intermediate Scene Study w/ BoJack Horseman","7/10/21"
"BoJack Horseman: Season 6: A Quick One, While He's Away","7/10/21"
"BoJack Horseman: Season 6: The Face of Depression","7/10/21"
"BoJack Horseman: Season 6: The Kidney Stays in the Picture","7/10/21"
"Pawn Stars: Season 2: Trail Breaker","7/9/21"
"Pawn Stars: Season 2: License to Pawn","7/9/21"
"Pawn Stars: Season 2: The British Are Coming","7/9/21"
"Pawn Stars: Season 2: Zzzzzz","7/9/21"
"The Game","7/9/21"
"Pawn Stars: Season 2: Hell Week","7/9/21"
"Pawn Stars: Season 2: Bow Legged","7/9/21"
"Pawn Stars: Season 2: Helmet Head","7/9/21"
"Pawn Stars: Season 2: Bumpy Ride","7/9/21"
"Pawn Stars: Season 2: Flight of the Chum","7/9/21"
"Pawn Stars: Season 2: Big Guns","7/8/21"
"ONE PIECE: East Blue: Episode 7","7/8/21"
"Pawn Stars: Season 2: Backroom Brawl","7/4/21"
"Pawn Stars: Season 2: Fortune in Flames","7/4/21"
"ONE PIECE: East Blue: Episode 6","7/3/21"
"Jeopardy!: Season 32: Episode #7141","7/2/21"
"Jeopardy!: Season 32: Episode #7140","7/2/21"
"Jeopardy!: Season 32: Episode #7139","7/2/21"
"Jeopardy!: Season 32: Episode #7138","7/2/21"
"Jeopardy!: Season 32: Episode #7137","7/2/21"
"Jeopardy!: Season 32: Episode #7136","7/2/21"
"Jeopardy!: Season 32: Episode #7135","7/2/21"
"ONE PIECE: East Blue: Episode 5","7/1/21"
"ONE PIECE: East Blue: Episode 4","7/1/21"
"Nightcrawler","7/1/21"
"ONE PIECE: East Blue: Episode 3","7/1/21"
"ONE PIECE: East Blue: Episode 2","7/1/21"
"BoJack Horseman: Season 6: A Little Uneven, Is All","6/30/21"
"BoJack Horseman: Season 6: Surprise!","6/30/21"
"BoJack Horseman: Season 6: Feel-Good Story","6/30/21"
"BoJack Horseman: Season 6: The New Client","6/30/21"
"BoJack Horseman: Season 6: A Horse Walks into a Rehab","6/30/21"
"BoJack Horseman: Season 5: The Stopped Show","6/28/21"
"BoJack Horseman: Season 5: The Showstopper","6/28/21"
"BoJack Horseman: Season 5: Head in the Clouds","6/28/21"
"BoJack Horseman: Season 5: Ancient History","6/28/21"
"BoJack Horseman: Season 5: Mr. Peanutbutter's Boos","6/28/21"
"BoJack Horseman: Season 5: INT. SUB","6/28/21"
"BoJack Horseman: Season 5: Free Churro","6/27/21"
"BoJack Horseman: Season 5: The Amelia Earhart Story","6/27/21"
"BoJack Horseman: Season 5: BoJack the Feminist","6/27/21"
"Flipped","6/26/21"
"The Founder","6/26/21"
"Stand by Me","6/26/21"
"Pawn Stars: Season 2: Off the Wagon","6/23/21"
"Pawn Stars: Season 2: Spooning Paul Revere","6/23/21"
"Pawn Stars: Season 2: Chopper Gamble","6/23/21"
"Pawn Stars: Season 2: Pinball Wizards","6/23/21"
"Pawn Stars: Season 2: Tattoos and Tantrums","6/23/21"
"Pawn Stars: Season 2: Guns and Rangers","6/23/21"
"Pawn Stars: Season 2: Pezzed Off","6/22/21"
"Pawn Stars: Season 2: Shocking Chum","6/22/21"
"Pawn Stars: Season 2: Wheels","6/22/21"
"Pawn Stars: Season 2: Chum Goes AWOL","6/22/21"
"Record of Ragnarok: Season 1: Worthy Opponent","6/21/21"
"Record of Ragnarok: Season 1: Ragnarok","6/21/21"
"Ink Master: Season 2: Tattooing the Dead","6/21/21"
"Ink Master: Season 1: Ink Master Revealed","6/21/21"
"Ink Master: Season 1: Picture Imperfect","6/21/21"
"Ink Master: Season 1: Permanent Mistakes","6/20/21"
"Ink Master: Season 1: Game On","6/20/21"
"Ink Master: Season 1: Ink Disaster Piece","6/18/21"
"Ink Master: Season 1: Pasties and a Cameltoe","6/17/21"
"Ink Master: Season 1: Botched Head Tattoo","6/17/21"
"Ink Master: Season 1: Fresh Meat","6/17/21"
"BoJack Horseman: Season 5: Planned Obsolescence","6/13/21"
"BoJack Horseman: Season 5: The Dog Days Are Over","6/13/21"
"BoJack Horseman: Season 5: The Light Bulb Scene","6/13/21"
"BoJack Horseman: Season 4: What Time Is It Right Now","6/13/21"
"BoJack Horseman: Season 4: Time's Arrow","6/13/21"
"BoJack Horseman: Season 4: lovin that cali lifestyle!!","6/13/21"
"BoJack Horseman: Season 4: Ruthie","6/13/21"
"BoJack Horseman: Season 4: The Judge","6/13/21"
"BoJack Horseman: Season 4: Underground","6/13/21"
"BoJack Horseman: Season 4: Stupid Piece of Sh*t","6/13/21"
"Sweet Tooth: Season 1: Weird Deer S**t","6/13/21"
"Sweet Tooth: Season 1: Sorry About All the Dead People","6/13/21"
"Sweet Tooth: Season 1: Out of the Deep Woods","6/13/21"
"The Chase: Season 2: Beast vs Machine","6/11/21"
"The Chase: Season 2: Food for Thought","6/10/21"
"BoJack Horseman: Season 4: Thoughts and Prayers","6/10/21"
"BoJack Horseman: Season 4: Commence Fracking","6/9/21"
"BoJack Horseman: Season 4: Hooray! Todd Episode!","6/9/21"
"BoJack Horseman: Season 4: The Old Sugarman Place","6/9/21"
"BoJack Horseman: Season 4: See Mr. Peanutbutter Run","6/5/21"
"BoJack Horseman: Season 3: That Went Well","6/5/21"
"BoJack Horseman: Season 3: That's Too Much, Man!","6/5/21"
"BoJack Horseman: Season 3: It's You","6/5/21"
"The Whole Nine Yards","6/5/21"
"The Terminal","6/5/21"
"Survivor: Season 20: Heroes vs Villains: Anything Could Happen","6/4/21"
"Survivor: Season 20: Heroes vs Villains: Loose Lips Sink Ships","6/4/21"
"Survivor: Season 20: Heroes vs Villains: A Sinking Ship","6/3/21"
"Survivor: Season 20: Heroes vs Villains: Jumping Ship","6/3/21"
"Survivor: Season 20: Heroes vs Villains: Going Down In Flames","6/3/21"
"Survivor: Season 20: Heroes vs Villains: Survivor History","6/3/21"
"Survivor: Season 20: Heroes vs Villains: Expectations","6/2/21"
"Survivor: Season 20: Heroes vs Villains: I'm Not A Good Villain","6/2/21"
"Survivor: Season 20: Heroes vs Villains: Banana Etiquette","6/2/21"
"Bo Burnham: Inside","6/2/21"
"BoJack Horseman: Season 3: Best Thing That Ever Happened","6/1/21"
"BoJack Horseman: Season 3: Old Acquaintance","6/1/21"
"BoJack Horseman: Season 3: Stop the Presses","6/1/21"
"BoJack Horseman: Season 3: Brrap Brrap Pew Pew","6/1/21"
"Bo Burnham: what.","5/31/21"
"Scarface","5/31/21"
"Survivor: Season 20: Heroes vs Villains: Knights of the Roundtable","5/31/21"
"Survivor: Season 20: Heroes vs Villains: Tonight We Make Our Move","5/31/21"
"Survivor: Season 20: Heroes vs Villains: That Girl Is Like a Virus","5/30/21"
"Survivor: Season 20: Heroes vs Villains: It's Getting The Best of Me","5/30/21"
"Survivor: Season 20: Heroes vs Villains: Slay Everyone, Trust No One","5/30/21"
"BoJack Horseman: Season 3: Love And/Or Marriage","5/29/21"
"BoJack Horseman: Season 3: Fish Out Of Water","5/29/21"
"BoJack Horseman: Season 3: BoJack Kills","5/29/21"
"BoJack Horseman: Season 3: The BoJack Horseman Show","5/29/21"
"BoJack Horseman: Season 3: Start Spreading the News","5/29/21"
"BoJack Horseman: Season 2: Out to Sea","5/29/21"
"BoJack Horseman: Season 2: Escape from L.A.","5/27/21"
"Survivor: Season 28: Cagayan: Live Reunion Show","5/23/21"
"Survivor: Season 28: Cagayan: It’s Do Or Die","5/23/21"
"Survivor: Season 28: Cagayan: Straw That Broke The Camel’s Back","5/23/21"
"Survivor: Season 28: Cagayan: Havoc to Wreak","5/23/21"
"Survivor: Season 28: Cagayan: Chaos is My Friend","5/23/21"
"Survivor: Season 28: Cagayan: Sitting in My Spy Shack","5/23/21"
"Survivor: Season 28: Cagayan: Bag of Tricks","5/23/21"
"Survivor: Season 28: Cagayan: Mad Treasure Hunt","5/23/21"
"Survivor: Season 28: Cagayan: Head of the Snake","5/23/21"
"Survivor: Season 28: Cagayan: We Found Our Zombies","5/23/21"
"Survivor: Season 28: Cagayan: Odd One Out","5/23/21"
"Survivor: Season 28: Cagayan: Our Time to Shine","5/22/21"
"Survivor: Season 28: Cagayan: Cops-R-Us","5/22/21"
"Survivor: Season 28: Cagayan: Hot Girl With a Grudge","5/22/21"
"BoJack Horseman: Season 2: Yes And","5/15/21"
"BoJack Horseman: Season 2: The Shot","5/15/21"
"BoJack Horseman: Season 2: Let's Find Out","5/15/21"
"BoJack Horseman: Season 2: Hank After Dark","5/15/21"
"Love, Death & Robots: Volume 2: The Drowned Giant","5/15/21"
"Love, Death & Robots: Volume 2: Life Hutch","5/15/21"
"Love, Death & Robots: Volume 2: All Through the House","5/15/21"
"Love, Death & Robots: Volume 2: The Tall Grass","5/15/21"
"Love, Death & Robots: Volume 2: Snow in the Desert","5/15/21"
"Love, Death & Robots: Volume 2: Ice","5/14/21"
"Love, Death & Robots: Volume 2: Automated Customer Service","5/14/21"
"BoJack Horseman: Season 2: Higher Love","5/12/21"
"BoJack Horseman: Season 2: Chickens","5/12/21"
"BoJack Horseman: Season 2: After the Party","5/12/21"
"BoJack Horseman: Season 2: Still Broken","5/12/21"
"BoJack Horseman: Season 2: Yesterdayland","5/12/21"
"BoJack Horseman: Season 2: Brand New Couch","5/11/21"
"BoJack Horseman: Season 1: Later","5/11/21"
"The Mitchells vs. The Machines","5/10/21"
"Your Highness","5/9/21"
"Crazy, Stupid, Love.","5/9/21"
"BoJack Horseman: Season 1: Downer Ending","5/5/21"
"BoJack Horseman: Season 1: One Trick Pony","5/5/21"
"BoJack Horseman: Season 1: Horse Majeure","5/2/21"
"BoJack Horseman: Season 1: The Telescope","5/2/21"
"BoJack Horseman: Season 1: Say Anything","5/2/21"
"BoJack Horseman: Season 1: Our A-Story Is a 'D' Story","5/2/21"
"The World's Most Extraordinary Homes: Season 2 Part A: Portugal","5/1/21"
"The World's Most Extraordinary Homes: Season 2 Part A: USA","5/1/21"
"Shadow and Bone: Season 1: A Searing Burst of Light","4/25/21"
"The World's Most Extraordinary Homes: Season 2 Part B: Norway","4/25/21"
"The World's Most Extraordinary Homes: Season 2 Part B: India","4/25/21"
"The World's Most Extraordinary Homes: Season 2 Part B: Spain","4/25/21"
"Life in Color with David Attenborough: Seeing in Color","4/23/21"
"Hook","4/22/21"
"Waterworld","4/22/21"
"BoJack Horseman: Season 1: Live Fast, Diane Nguyen","4/22/21"
"BoJack Horseman: Season 1: Zoës and Zeldas","4/22/21"
"BoJack Horseman: Season 1: Prickly-Muffin","4/22/21"
"BoJack Horseman: Season 1: BoJack Hates the Troops","4/21/21"
"Grand Designs: Season 15: Haringey","4/20/21"
"Alexander Revisited: The Final Cut","4/20/21"
"Synchronic","4/19/21"
"Two Distant Strangers","4/19/21"
"BoJack Horseman: Season 1: BoJack Horseman: The BoJack Horseman Story, Chapter One","4/16/21"
"Our Idiot Brother","4/14/21"
"Captain Fantastic","4/10/21"
"Year One","4/9/21"
"Tenacious D in The Pick of Destiny","4/9/21"
"Naruto: Season 6: The Dark Creeping Clouds","4/9/21"
"Naruto: Season 6: The Enemy of the Byakugan","4/9/21"
"Naruto: Season 6: A Lesson Learned! The Iron Fist of Love!","4/9/21"
"Naruto: Season 6: Funeral March for the Living","4/9/21"
"Ram Dass, Going Home","4/7/21"
"Naruto: Season 6: Blaze Away, Byakugan! This Is My Ninja Way!!","4/6/21"
"Naruto: Season 6: A Battle of Bugs! The Deceivers and the Deceived!","4/6/21"
"Naruto: Season 6: What's the Difference? Don't All Insects Look Alike?","4/6/21"
"Naruto: Season 6: The Search for the Rare Bikochu Beetle","4/6/21"
"The Pursuit of Happyness","4/5/21"
"Abstract: The Art of Design: Season 1: Ilse Crawford: Interior Design","4/3/21"
"Saving Private Ryan","4/3/21"
"Grand Designs: Season 15: Herefordshire II","3/30/21"
"Grand Designs: Season 15: Peak District","3/30/21"
"Grand Designs: Season 15: East London","3/29/21"
"Grand Designs: Season 15: Malvern","3/29/21"
"Grand Designs: Season 10: Kennington","3/29/21"
"Grand Designs: Season 10: Skye","3/28/21"
"Grand Designs: Season 10: Brixton","3/28/21"
"Grand Designs: Season 10: Southern Ireland","3/28/21"
"Bad Trip","3/28/21"
"The One: Episode 1","3/19/21"
"Arrested Development: Season 4 Remix: Fateful Consequences: Cinco de Cuatro II","3/13/21"
"Arrested Development: Season 4 Remix: Fateful Consequences: Cinco de Cuatro I","3/13/21"
"Taxi Driver","3/13/21"
"Quantum of Solace","3/13/21"
"Arrested Development: Season 4 Remix: Fateful Consequences: Fast Company","3/8/21"
"Arrested Development: Season 4 Remix: Fateful Consequences: Turning on Each Other","3/8/21"
"Arrested Development: Season 4 Remix: Fateful Consequences: Dire Straights","3/8/21"
"Arrested Development: Season 4 Remix: Fateful Consequences: Mixed Messages","3/8/21"
"Invictus","3/8/21"
"Naruto: Season 6: A Clash of Fate: You Can't Bring Me Down!","3/6/21"
"Naruto: Season 6: Orochimaru's Shadow!","3/6/21"
"Beverly Hills Ninja","2/14/21"
"Ocean's Thirteen","2/14/21"
"Arrested Development: Season 4 Remix: Fateful Consequences: Locked and Loaded","2/14/21"
"Eat Pray Love","2/13/21"
"Ocean's Twelve","2/13/21"
"Yu-Gi-Oh!: The Heart of the Cards","2/12/21"
"Money Talks","2/12/21"
"Arrested Development: Season 4 Remix: Fateful Consequences: What Goes Around","2/11/21"
"Naruto: Season 6: A New Formation: Ino-Shika-Cho!","2/10/21"
"Naruto: Season 6: A New Squad! Two People and a Dog?!","2/10/21"
"Naruto: Season 6: Tonton! I'm Counting on You!","2/10/21"
"Naruto: Season 6: The Three Villains from the Maximum Security Prison","2/10/21"
"Naruto: Season 6: Sakura's Determination!","2/10/21"
"Monty Python's Life of Brian","2/7/21"
"Ocean's Eleven","2/7/21"
"Naruto: Season 6: Two Heartbeats: Kabuto's Trap","2/7/21"
"Naruto: Season 6: Pure Terror! The House of Orochimaru","2/6/21"
"Naruto: Season 6: Pure Betrayal, and a Fleeting Plea!","2/6/21"
"Naruto: Season 6: A Town of Outlaws! The Shadow of the Fuma Clan","2/6/21"
"Naruto: Season 6: Deep Cover?! A Super S-Rank Mission","2/6/21"
"Arrested Development: Season 4 Remix: Fateful Consequences: Get on Up","2/6/21"
"Arrested Development: Season 4 Remix: Fateful Consequences: Moving Pictures","2/6/21"
"Arrested Development: Season 4 Remix: Fateful Consequences: Fun Night","2/6/21"
"Arrested Development: Season 4 Remix: Fateful Consequences: Recurring Dreams","2/6/21"
"Arrested Development: Season 4 Remix: Fateful Consequences: Modern Marvels","2/6/21"
"Arrested Development: Season 4 Remix: Fateful Consequences: The Weak Become the Strong","2/6/21"
"Arrested Development: Season 4 Remix: Fateful Consequences: One Degree of Separation","2/6/21"
"Arrested Development: Season 4 Remix: Fateful Consequences: The Parent Traps","2/4/21"
"Arrested Development: Season 4 Remix: Fateful Consequences: A Trial Run","2/4/21"
"Arrested Development: Season 4 Remix: Fateful Consequences: Just Deserters","2/4/21"
"Arrested Development: Season 4 Remix: Fateful Consequences: A Couple-A New Starts","2/4/21"
"Arrested Development: Season 4 Remix: Fateful Consequences: Three Half Men","2/4/21"
"The Irishman","2/3/21"
"Legend","2/2/21"
"The Dig","2/2/21"
"Naruto: Season 5: The Promise That Could Not Be Kept","2/2/21"
"Naruto: Season 5: The End of Tears","2/2/21"
"Naruto: Season 5: A Plea From a Friend","2/2/21"
"Naruto: Season 5: For a Friend","2/2/21"
"Naruto: Season 5: The Secrets of the Mangekyo Sharingan!","2/2/21"
"Naruto: Season 5: Father and Son, the Broken Crest","2/1/21"
"Naruto: Season 5: Brothers: Distance Among the Uchiha","2/1/21"
"Naruto: Season 5: A Cry on Deaf Ears","2/1/21"
"Arrested Development: Season 4 Remix: Fateful Consequences: Re Cap'n Bluth","1/31/21"
"Arrested Development: Season 3: Development Arrested","1/31/21"
"Arrested Development: Season 3: Exit Strategy","1/31/21"
"Arrested Development: Season 3: Family Ties","1/31/21"
"Arrested Development: Season 3: Fakin' It","1/28/21"
"Arrested Development: Season 3: S.O.B.s","1/28/21"
"The Next Three Days","1/27/21"
"Arrested Development: Season 3: Making a Stand","1/25/21"
"Arrested Development: Season 3: Prison Break-In","1/24/21"
"Arrested Development: Season 3: The Ocean Walker","1/24/21"
"Arrested Development: Season 3: Mr. F","1/24/21"
"Arrested Development: Season 3: Notapusy","1/24/21"
"Arrested Development: Season 3: Forget Me Now","1/24/21"
"Arrested Development: Season 3: For British Eyes Only","1/24/21"
"The Trial of the Chicago 7","1/24/21"
"A Monster Calls","1/24/21"
"Rango","1/24/21"
"Spycraft: High-Tech Surveillance and an Eye in the Sky","1/23/21"
"Arrested Development: Season 3: The Cabin Show","1/20/21"
"Arrested Development: Season 2: The Righteous Brothers","1/20/21"
"Arrested Development: Season 2: Spring Breakout","1/18/21"
"Arrested Development: Season 2: Meat the Veals","1/18/21"
"Arrested Development: Season 2: Sword of Destiny","1/18/21"
"Arrested Development: Season 2: The Immaculate Election","1/18/21"
"Arrested Development: Season 2: Motherboy XXX","1/18/21"
"Arrested Development: Season 2: Hand to God","1/16/21"
"Naruto: Season 5: Vengeful Strike! The Bracken Dance!","1/16/21"
"The Girl with the Dragon Tattoo","1/15/21"
"GoodFellas","1/15/21"
"The Gospel of John","1/14/21"
"Arrested Development: Season 2: Out on a Limb","1/13/21"
"Arrested Development: Season 2: Ready, Aim, Marry Me!","1/13/21"
"Arrested Development: Season 2: Burning Love","1/12/21"
"Arrested Development: Season 2: Queen for a Day","1/12/21"
"Arrested Development: Season 2: Switch Hitter","1/12/21"
"The Disaster Artist","1/8/21"
"Superbad","1/8/21"
"Catch Me If You Can","1/8/21"
"Headspace Guide to Meditation: How to Get Started","1/2/21"
"Arrested Development: Season 2: Afternoon Delight","1/2/21"
"Arrested Development: Season 2: Sad Sack","1/2/21"
"Alice in Borderland: Season 1: Episode 3","1/2/21"
"Alice in Borderland: Season 1: Episode 2","1/2/21"
"Alice in Borderland: Season 1: Episode 1","1/2/21"
"Arrested Development: Season 2: Good Grief","1/2/21"
"Arrested Development: Season 2: iAmigos!","1/2/21"
"Arrested Development: Season 2: The One Where They Build a House","1/1/21"
"Arrested Development: Season 2: The One Where Michael Leaves","1/1/21"
"Arrested Development: Season 1: Let 'Em Eat Cake","1/1/21"
"Arrested Development: Season 1: Not Without My Daughter","1/1/21"
"The Minimalists: Less Is Now","1/1/21"
"Arrested Development: Season 1: Whistler's Mother","12/29/20"
"Arrested Development: Season 1: Best Man for the Gob","12/29/20"
"Arrested Development: Season 1: Missing Kitty","12/29/20"
"Arrested Development: Season 1: Justice is Blind","12/29/20"
"Arrested Development: Season 1: Altar Egos","12/29/20"
"Arrested Development: Season 1: Staff Infection","12/29/20"
"Arrested Development: Season 1: Shock and Aww","12/29/20"
"Arrested Development: Season 1: Beef Consomme","12/29/20"
"Arrested Development: Season 1: Marta Complex","12/28/20"
"Arrested Development: Season 1: Public Relations","12/28/20"
"Arrested Development: Season 1: Pier Pressure","12/28/20"
"Arrested Development: Season 1: Storming the Castle","12/28/20"
"Arrested Development: Season 1: My Mother, the Car","12/28/20"
"Arrested Development: Season 1: In God We Trust","12/28/20"
"Arrested Development: Season 1: Visiting Ours","12/27/20"
"Arrested Development: Season 1: Charity Drive","12/27/20"
"Arrested Development: Season 1: Key Decisions","12/27/20"
"Arrested Development: Season 1: Bringing Up Buster","12/27/20"
"Arrested Development: Season 1: Top Banana","12/27/20"
"Arrested Development: Season 1: Pilot","12/27/20"
"Searching for Bobby Fischer","12/25/20"
"The Midnight Sky","12/25/20"
"Naruto: Season 5: Showdown: Gaara vs. Kimimaro!","12/23/20"
"Naruto: Season 5: The Sand Shinobi: Allies of the Leaf","12/23/20"
"Naruto: Season 5: The Beast Within","12/23/20"
"Naruto: Season 5: The Leaf's Handsome Devil!","12/23/20"
"Naruto: Season 5: Fakeout: Shikamaru's Comeback!","12/23/20"
"Naruto: Season 5: To Each His Own Battle","12/23/20"
"Chef","12/14/20"
"Naruto: Season 5: Roar and Howl! The Ultimate Tag-Team!","12/13/20"
"Naruto: Season 5: Miscalculation: A New Enemy Appears!","12/13/20"
"Naruto: Season 5: The Vessel Arrives Too Late","12/13/20"
"Naruto: Season 5: Losing is Not an Option!","12/13/20"
"Beowulf","12/12/20"
"Angels & Demons","12/12/20"
"The Promised Neverland: EPISODE.04 291045","12/12/20"
"The Promised Neverland: EPISODE.03 181045","12/11/20"
"The Promised Neverland: EPISODE.02 131045","12/11/20"
"The Promised Neverland: EPISODE.01 121045","12/11/20"
"Selena: The Series: Part 1: Daydream","12/6/20"
"Naruto: Season 5: 360 Degrees of Vision: The Byakugan's Blind Spot!","11/29/20"
"Naruto: Season 5: Your Opponent is Me!","11/29/20"
"Naruto: Season 5: Good-bye Old Friend! I'll Always Believe in You!","11/29/20"
"Naruto: Season 5: Full Throttle Power! Choji, Ablaze!","11/29/20"
"Naruto: Season 5: Squad Mutiny: Everything Falls Apart!","11/29/20"
"Naruto: Season 5: Sound vs. Leaf","11/29/20"
"Naruto: Season 5: Formation! The Sasuke Retrieval Squad!","11/29/20"
"Naruto: Season 5: An Invitation from the Sound","11/29/20"
"Naruto: Season 5: Bitter Rivals and Broken Bonds","11/29/20"
"Naruto: Season 5: The Battle Begins: Naruto vs. Sasuke","11/27/20"
"Naruto: Season 4: The Last Leg: A Final Act of Desperation","11/27/20"
"Naruto: Season 4: A Fierce Battle of Rolling Thunder!","11/27/20"
"Hillbilly Elegy","11/27/20"
"Red Dragon","11/22/20"
"The Hummingbird Project","11/21/20"
"Maniac: Limited Series: Option C","11/15/20"
"Maniac: Limited Series: Utangatta","11/15/20"
"Maniac: Limited Series: The Lake of the Clouds","11/15/20"
"Maniac: Limited Series: Ceci N'est Pas Une Drill","11/15/20"
"Maniac: Limited Series: Larger Structural Issues","11/15/20"
"Maniac: Limited Series: Exactly Like You","11/15/20"
"Maniac: Limited Series: Furs by Sebastian","11/15/20"
"Maniac: Limited Series: Having a Day","11/14/20"
"Maniac: Limited Series: Windmills","11/14/20"
"Maniac: Limited Series: The Chosen One!","11/14/20"
"Snowden","11/11/20"
"A Clockwork Orange","11/8/20"
"My Next Guest Needs No Introduction With David Letterman: Season 2: Kanye West","10/31/20"
"My Next Guest Needs No Introduction With David Letterman: Season 1: Barack Obama","10/31/20"
"JoJo's Bizarre Adventure: Phantom Blood/Battle Tendency: Overdrive","10/31/20"
"Erased: Closure","10/30/20"
"Erased: Spiral","10/30/20"
"Erased: Out of Control","10/30/20"
"The Queen's Gambit: Limited Series: End Game","10/30/20"
"The Queen's Gambit: Limited Series: Adjournment","10/30/20"
"The Queen's Gambit: Limited Series: Fork","10/30/20"
"The Queen's Gambit: Limited Series: Middle Game","10/29/20"
"The Queen's Gambit: Limited Series: Doubled Pawns","10/29/20"
"The Queen's Gambit: Limited Series: Exchanges","10/28/20"
"The Queen's Gambit: Limited Series: Openings","10/28/20"
"Erased: Grim Reaper","10/18/20"
"Erased: Getaway","10/18/20"
"Erased: Accomplishment","10/18/20"
"Erased: Birthmark","10/18/20"
"Erased: Palm of the Hand","10/18/20"
"Erased: Flashing Before My Eyes","10/18/20"
"Attack on Titan: To You, After 2,000 Years: The Fall of Shiganshina, Part 1","10/18/20"
"Mars: Novo Mundo","10/18/20"
"Basic Instinct","10/18/20"
"Big Daddy","10/16/20"
"Stranger than Fiction","10/16/20"
"The Social Dilemma","9/28/20"
"Dragon's Dogma: Pride","9/26/20"
"Dragon's Dogma: Lust","9/26/20"
"Dragon's Dogma: Greed","9/26/20"
"Dragon's Dogma: Sloth","9/26/20"
"Dragon's Dogma: Envy","9/26/20"
"Dragon's Dogma: Gluttony","9/26/20"
"Dragon's Dogma: Wrath","9/26/20"
"The Take","9/26/20"
"Our Planet: Season 1: Coastal Seas","9/24/20"
"One Flew Over the Cuckoo's Nest","9/20/20"
"The Universe: Ancient Mysteries Solved: Season 2: The Eye of God","9/20/20"
"The Devil All The Time","9/17/20"
"Due Date","9/17/20"
"Our Planet: Season 1: Jungles","9/15/20"
"The Legend of Korra: Book Four: Balance: The Last Stand","9/7/20"
"The Legend of Korra: Book Four: Balance: Day of the Colossus","9/7/20"
"The Legend of Korra: Book Four: Balance: Kuvira's Gambit","9/6/20"
"The Legend of Korra: Book Four: Balance: Operation: Beifong","9/6/20"
"The Legend of Korra: Book Four: Balance: Beyond the Wilds","9/6/20"
"The Legend of Korra: Book Four: Balance: Remembrances","9/6/20"
"The Legend of Korra: Book Four: Balance: Reunion","9/6/20"
"The Legend of Korra: Book Four: Balance: The Battle of Zaofu","9/6/20"
"The Legend of Korra: Book Four: Balance: Enemy at the Gates","9/6/20"
"The Legend of Korra: Book Four: Balance: The Calling","9/6/20"
"The Legend of Korra: Book Four: Balance: The Coronation","9/6/20"
"The Legend of Korra: Book Four: Balance: Korra Alone","9/6/20"
"The Legend of Korra: Book Four: Balance: After All These Years","9/6/20"
"The Legend of Korra: Book Three: Change: Venom of the Red Lotus","9/6/20"
"The Legend of Korra: Book Three: Change: Enter the Void","9/6/20"
"The Legend of Korra: Book Three: Change: The Ultimatum","9/6/20"
"I'm Thinking of Ending Things","9/4/20"
"Our Planet: Season 1: Frozen Worlds","9/1/20"
"Our Planet: Season 1: One Planet","9/1/20"
"9","9/1/20"
"Sleepless in Seattle","8/30/20"
"The Heartbreak Kid","8/29/20"
"Mr. Deeds","8/29/20"
"The Legend of Korra: Book Three: Change: Long Live the Queen","8/24/20"
"The Legend of Korra: Book Three: Change: The Stakeout","8/24/20"
"The Legend of Korra: Book Three: Change: The Terror Within","8/23/20"
"The Legend of Korra: Book Three: Change: Original Airbenders","8/23/20"
"The Legend of Korra: Book Three: Change: Old Wounds","8/23/20"
"The Legend of Korra: Book Three: Change: The Metal Clan","8/23/20"
"The Legend of Korra: Book Three: Change: In Harm's Way","8/23/20"
"Jim & Andy: The Great Beyond - Featuring a Very Special, Contractually Obligated Mention of Tony Clifton","8/23/20"
"The Legend of Korra: Book Three: Change: The Earth Queen","8/22/20"
"The Legend of Korra: Book Three: Change: Rebirth","8/22/20"
"The Legend of Korra: Book Three: Change: A Breath of Fresh Air","8/22/20"
"The Legend of Korra: Book Two: Spirits: Light in the Dark","8/22/20"
"The Legend of Korra: Book Two: Spirits: Darkness Falls","8/22/20"
"The Legend of Korra: Book Two: Spirits: Harmonic Convergence","8/22/20"
"The Legend of Korra: Book Two: Spirits: Night of a Thousand Stars","8/22/20"
"The Legend of Korra: Book Two: Spirits: A New Spiritual Age","8/22/20"
"The Legend of Korra: Book Two: Spirits: The Guide","8/22/20"
"The Legend of Korra: Book Two: Spirits: Beginnings: Part 2","8/22/20"
"The Legend of Korra: Book Two: Spirits: Beginnings: Part 1","8/22/20"
"The Legend of Korra: Book Two: Spirits: The Sting","8/22/20"
"The Legend of Korra: Book Two: Spirits: Peacekeepers","8/22/20"
"The Legend of Korra: Book Two: Spirits: Civil Wars: Part 2","8/22/20"
"The Legend of Korra: Book Two: Spirits: Civil Wars: Part 1","8/22/20"
"The Legend of Korra: Book Two: Spirits: The Southern Lights","8/22/20"
"The Legend of Korra: Book Two: Spirits: Rebel Spirit","8/22/20"
"The Legend of Korra: Book One: Air: Endgame","8/22/20"
"Avatar: The Last Airbender: Book 3: The Firebending Masters","8/18/20"
"Project Power","8/15/20"
"The One I Love","8/14/20"
"The Meyerowitz Stories (New and Selected)","8/12/20"
"Naruto: Season 4: Run Idate Run! Nagi Island Awaits!","8/9/20"
"Naruto: Season 4: The Race is On! Trouble on the High Seas!","8/9/20"
"Naruto: Season 4: Mission: Help an Old Friend in the Land of Tea!","8/9/20"
"Breaking Bad: Season 4: Open House","8/9/20"
"Being John Malkovich","8/9/20"
"Dinner for Schmucks","8/7/20"
"Breaking Bad: Season 4: Thirty-Eight Snub","8/6/20"
"Breaking Bad: Season 4: Box Cutter","8/6/20"
"Breaking Bad: Season 3: Full Measure","8/6/20"
"Breaking Bad: Season 3: Half Measures","8/6/20"
"Breaking Bad: Season 3: Abiquiu","8/6/20"
"Breaking Bad: Season 3: Fly","8/5/20"
"Breaking Bad: Season 3: Kafkaesque","8/5/20"
"Breaking Bad: Season 3: I See You","8/5/20"
"Breaking Bad: Season 3: One Minute","8/5/20"
"Breaking Bad: Season 3: Sunset","8/5/20"
"Breaking Bad: Season 3: Mas","8/5/20"
"Breaking Bad: Season 3: Green Light","8/5/20"
"Breaking Bad: Season 3: I.F.T.","8/4/20"
"Breaking Bad: Season 3: Caballo Sin Nombre","8/3/20"
"Breaking Bad: Season 3: No Más","8/3/20"
"Breaking Bad: Season 2: ABQ","8/3/20"
"Breaking Bad: Season 2: Phoenix","8/3/20"
"Breaking Bad: Season 2: Mandala","8/3/20"
"Breaking Bad: Season 2: Over","8/3/20"
"Breaking Bad: Season 2: 4 Days Out","8/2/20"
"Breaking Bad: Season 2: Better Call Saul","8/2/20"
"Breaking Bad: Season 2: Negro y Azul","8/2/20"
"Breaking Bad: Season 2: Peekaboo","8/2/20"
"Breaking Bad: Season 2: Breakage","8/2/20"
"Breaking Bad: Season 2: Down","8/2/20"
"Breaking Bad: Season 2: Bit by a Dead Bee","8/2/20"
"Breaking Bad: Season 2: Grilled","8/2/20"
"Breaking Bad: Season 2: Seven Thirty-Seven","8/2/20"
"Breaking Bad: Season 1: A No-Rough-Stuff-Type Deal","8/1/20"
"Breaking Bad: Season 1: Crazy Handful of Nothin'","8/1/20"
"Breaking Bad: Season 1: Gray Matter","8/1/20"
"Breaking Bad: Season 1: Cancer Man","8/1/20"
"Breaking Bad: Season 1: And the Bag's in the River","8/1/20"
"Breaking Bad: Season 1: The Cat's in the Bag","8/1/20"
"Breaking Bad: Season 1: Pilot","8/1/20"
"The Rum Diary","7/25/20"
"Dr. Seuss' The Lorax","7/25/20"
"Total Recall","7/19/20"
"Clash of the Titans","7/18/20"
"Sucker Punch","7/12/20"
"The Devil's Advocate","7/7/20"
"Dark: Season 1: Alpha and Omega","7/6/20"
"Dark: Season 1: Everything Is Now","7/6/20"
"Dark: Season 1: As You Sow, So You Shall Reap","7/6/20"
"Dark: Season 1: Crossroads","7/5/20"
"Dark: Season 1: Sic Mundus Creatus Est","7/5/20"
"Dark: Season 1: Truths","7/5/20"
"Dark: Season 1: Double Lives","7/5/20"
"Dark: Season 1: Past and Present","7/5/20"
"Dark: Season 1: Lies","7/5/20"
"Dark: Season 1: Secrets","7/5/20"
"Turbo","7/4/20"
"A Thousand Words","7/4/20"
"The Croods","6/21/20"
"ONE PIECE: East Blue: Episode 1","6/21/20"
"Hail, Caesar!","6/21/20"
"JoJo's Bizarre Adventure: Phantom Blood/Battle Tendency: Youth with Dio","6/21/20"
"JoJo's Bizarre Adventure: Phantom Blood/Battle Tendency: A Letter From the Past","6/21/20"
"JoJo's Bizarre Adventure: Phantom Blood/Battle Tendency: Dio The Invader","6/21/20"
"Naruto: Season 4: Gotta See! Gotta Know! Kakashi Sensei's True Face!","6/21/20"
"Naruto: Season 4: Sensei and Student: The Bond of the Shinobi","6/21/20"
"Naruto: Season 4: The Will of Fire Still Burns","6/21/20"
"Bob Lazar: Area 51 & Flying Saucers","6/14/20"
"The Family","6/14/20"
"The Healer","6/7/20"
"Despicable Me","6/6/20"
"Unabomber - In His Own Words: Episode 2","6/6/20"
"Unabomber - In His Own Words: Episode 1","6/6/20"
"Jerry Maguire","6/6/20"
"Jeffrey Epstein: Filthy Rich: Limited Series: Finding Their Voice","6/6/20"
"Ralph Breaks the Internet: Wreck-It Ralph 2","6/6/20"
"Failure to Launch","6/5/20"
"Jeffrey Epstein: Filthy Rich: Limited Series: The Island","6/4/20"
"Jeffrey Epstein: Filthy Rich: Limited Series: Follow the Money","6/4/20"
"Jeffrey Epstein: Filthy Rich: Limited Series: Hunting Grounds","6/3/20"
"Uncut Gems","6/3/20"
"Ace Ventura: Pet Detective","5/17/20"
"The Girl with All the Gifts","5/17/20"
"There Will Be Blood","5/17/20"
"Road to Perdition","5/16/20"
"Extremely Wicked, Shockingly Evil and Vile","5/16/20"
"The Universe: Ancient Mysteries Solved: Season 2: Omens of Doom","5/13/20"
"Have a Good Trip: Adventures in Psychedelics","5/11/20"
"Silver Linings Playbook","5/7/20"
"Naruto: Season 4: Tsunade's Warning: Ninja No More!","5/3/20"
"Naruto: Season 4: Kidnapped! Naruto's Hot Spring Adventure!","5/3/20"
"Naruto: Season 4: Deadlock! Sannin Showdown!","5/3/20"
"Naruto: Season 4: The Fifth Hokage! A Life on the Line!","5/3/20"
"Naruto: Season 4: Attack! Fury of the Rasengan!","5/3/20"
"The Ballad of Buster Scruggs","5/2/20"
"The Perks of Being a Wallflower","5/2/20"
"The Midnight Gospel: Mouse of Silver","5/2/20"
"The Midnight Gospel: Turtles of the Eclipse","5/2/20"
"The Midnight Gospel: Vulture With Honor","5/2/20"
"The Midnight Gospel: Annihilation of Joy","5/2/20"
"The Midnight Gospel: Blinded By My End","5/2/20"
"The Midnight Gospel: Hunters Without a Home","5/2/20"
"The Midnight Gospel: Officers and Wolves","5/2/20"
"The Midnight Gospel: Taste of the King","5/2/20"
"Naruto: Season 4: Breakdown! The Deal Is Off!","4/27/20"
"Naruto: Season 4: A Dubious Offer! Tsunade's Choice","4/27/20"
"Naruto: Season 4: Inheritance! The Necklace of Death!","4/26/20"
"The Money Pit","4/25/20"
"Naruto: Season 4: Unforgivable! A Total Lack of Respect!","4/24/20"
"Naruto: Season 4: An Impossible Choice: The Pain Within Tsunade's Heart","4/24/20"
"Naruto: Season 4: Focal Point: The Mark of the Leaf","4/24/20"
"Naruto: Season 4: Keep on Training: Pop Goes the Water Balloon!","4/24/20"
"Naruto: Season 4: A New Training Begins: I Will Be Strong!","4/24/20"
"Naruto: Season 4: Hate Among the Uchihas: The Last of the Clan!","4/24/20"
"Code 8","4/24/20"
"Naruto: Season 4: Roar, Chidori! Brother vs. Brother!","4/23/20"
"Naruto: Season 4: Jiraiya: Naruto's Potential Disaster!","4/23/20"
"Naruto: Season 4: Eye to Eye: Sharingan vs. Sharingan!","4/23/20"
"Naruto: Season 4: Return of the Morning Mist","4/23/20"
"Naruto: Season 3: The Third Hokage, Forever..","4/23/20"
"Naruto: Season 3: Beyond the Limit of Darkness and Light","4/23/20"
"Naruto: Season 3: Naruto's Ninja Handbook","4/22/20"
"Naruto: Season 3: Light vs. Dark: The Two Faces of Gaara","4/22/20"
"Naruto: Season 3: Assassin of the Moonlit Night","4/22/20"
"Naruto: Season 3: Sasuke's Decision: Pushed to the Edge!","4/22/20"
"Naruto: Season 3: Astonishing Truth! Gaara's Identity Emerges!","4/20/20"
"Naruto: Season 3: Forbidden Secret Technique: Reaper Death Seal!","4/20/20"
"Naruto: Season 3: A Mistake from the Past: A Face Revealed!","4/20/20"
"Naruto: Season 3: An Unrivaled Match: Hokage Battle Royale!","4/20/20"
"Naruto: Season 3: A Shirker's Call to Action: Layabout No More!","4/20/20"
"Naruto: Season 3: Village in Distress: A New A-Ranked Mission!","4/20/20"
"Naruto: Season 3: Zero Hour! The Destruction of the Hidden Leaf Village Begins!","4/20/20"
"Naruto: Season 3: Late for the Show, But Ready to Go! The Ultimate Secret Technique Is Born!","4/20/20"
"Naruto: Season 3: Bushy Brow's Jutsu: Sasuke Style!","4/19/20"
"Naruto: Season 3: Dancing Leaf, Squirming Sand","4/18/20"
"Naruto: Season 3: Zero Motivation: The Guy with Cloud Envy!","4/18/20"
"Naruto: Season 3: Hit it or Quit it: The Final Rounds Get Complicated!","4/18/20"
"Naruto: Season 3: A Failure's True Power","4/18/20"
"Naruto: Season 3: Ultimate Defense: Zero Blind Spot!","4/16/20"
"Naruto: Season 3: Byakugan vs. Shadow Clone Jutsu!","4/16/20"
"Naruto: Season 3: The Final Rounds: Rush to the Battle Arena!","4/16/20"
"Naruto: Season 3: Hospital Besieged: The Evil Hand Revealed!","4/16/20"
"Naruto: Season 3: He Flies! He Jumps! He Lurks! Chief Toad Appears!","4/16/20"
"Naruto: Season 3: Live or Die: Risk it All to Win it All!","4/15/20"
"Naruto: Season 3: A Feeling of Yearning, a Flower Full of Hope","4/15/20"
"Naruto: Season 3: The Summoning Jutsu: Wisdom of the Toad Sage!","4/15/20"
"Naruto: Season 3: Long Time No See: Jiraiya Returns!","4/15/20"
"Naruto: Season 2: Ebisu Returns: Naruto's Toughest Training Yet!","4/15/20"
"Naruto: Season 2: A Shadow in Darkness: Danger Approaches Sasuke","4/15/20"
"Naruto: Season 2: The Fifth Gate: A Splendid Ninja Is Born","4/15/20"
"Naruto: Season 2: Lee's Hidden Strength: Forbidden Secret Jutsu!","4/15/20"
"Naruto: Season 2: Gaara vs. Rock Lee: The Power of Youth Explodes!","4/15/20"
"Naruto: Season 2: A Failure Stands Tall!","4/15/20"
"Naruto: Season 2: Byakugan Battle: Hinata Grows Bold!","4/14/20"
"Naruto: Season 2: Surprise Attack! Naruto's Secret Weapon!","4/14/20"
"Naruto: Season 2: Akamaru Unleashed! Who's Top Dog Now?","4/14/20"
"Naruto: Season 2: Killer Kunoichi and a Shaky Shikamaru","4/12/20"
"Naruto: Season 2: The Ultimate Battle: Cha!","4/12/20"
"Naruto: Season 2: Kunoichi Rumble: The Rivals Get Serious!","4/12/20"
"Naruto: Season 2: Kakashi and Orochimaru: Face-to-Face!","4/12/20"
"Naruto: Season 2: Bushy Brow's Jealousy: Lions Barrage Unleashed!","4/12/20"
"Mississippi Grind","4/12/20"
"A Serious Man","4/12/20"
"Naruto: Season 2: Narrowing the Field: Sudden Death Elimination!","4/5/20"
"Naruto: Season 2: Surviving the Cut! The Rookie Nine Together Again!","4/5/20"
"Naruto: Season 2: Clone vs. Clone: Mine are Better than Yours!","4/5/20"
"Naruto: Season 2: The Scroll's Secret: No Peeking Allowed","4/5/20"
"Naruto: Season 2: Akamaru Trembles: Gaara's Cruel Strength!","4/5/20"
"Naruto: Season 2: Battle Formation: Ino-Shika-Cho!","4/5/20"
"Naruto: Season 2: Sakura Blossoms!","4/5/20"
"Naruto: Season 2: Bushy Brow's Pledge: Undying Love and Protection!","4/5/20"
"Molly's Game","4/5/20"
"Outbreak","3/28/20"
"Would You Rather","3/28/20"
"Ali","3/28/20"
"What Lies Beneath","3/28/20"
"Naruto: Season 2: The Sharingan Revived: Dragon-Flame Jutsu!","3/23/20"
"Naruto: Season 2: Naruto's Counterattack: Never Give In!","3/23/20"
"Naruto: Season 2: Eat or Be Eaten: Panic in the Forest","3/23/20"
"Naruto: Season 2: The Chunin Exam Stage 2: The Forest of Death","3/23/20"
"Naruto: Season 1: Special Report: Live from the Forest of Death!","3/23/20"
"Naruto: Season 1: The Tenth Question: All or Nothing!","3/22/20"
"Naruto: Season 1: Start Your Engines: The Chunin Exam Begins!","3/22/20"
"Naruto: Season 1: Genin Takedown! All Nine Rookies Face Off!","3/22/20"
"The Platform","3/22/20"
"Naruto: Season 1: Chunin Challenge: Rock Lee vs. Sasuke!","3/21/20"
"Naruto: Season 1: Identify Yourself: Powerful New Rivals","3/21/20"
"Naruto: Season 1: A New Chapter Begins: The Chunin Exam!","3/21/20"
"Naruto: Season 1: The Demon in the Snow","3/21/20"
"Naruto: Season 1: The Weapons Known as Shinobi","3/21/20"
"Naruto: Season 1: White Past: Hidden Ambition","3/21/20"
"Naruto: Season 1: The Broken Seal","3/21/20"
"Naruto: Season 1: Zero Visibility: The Sharingan Shatters","3/20/20"
"Naruto: Season 1: The Number One Hyperactive, Knucklehead Ninja Joins the Fight!!","3/20/20"
"Naruto: Season 1: Haku's Secret Jutsu: Crystal Ice Mirrors","3/20/20"
"Naruto: Season 1: Battle on the Bridge! Zabuza Returns!!","3/20/20"
"Naruto: Season 1: The Land Where a Hero Once Lived","3/20/20"
"Naruto: Season 1: The Forest of Chakra","3/20/20"
"Naruto: Season 1: Kakashi: Sharingan Warrior","3/19/20"
"Naruto: Season 1: The Oath of Pain","3/18/20"
"Naruto: Season 1: The Assassin of the Mist!","3/18/20"
"Naruto: Season 1: A Dangerous Mission! Journey to the Land of Waves!","3/18/20"
"Naruto: Season 1: You Failed! Kakashi's Final Decision","3/18/20"
"Naruto: Season 1: Pass or Fail: Survival Test","3/18/20"
"Naruto: Season 1: Sasuke and Sakura: Friends or Foes?","3/18/20"
"Naruto: Season 1: My Name Is Konohamaru!","3/18/20"
"Naruto: Season 1: Enter: Naruto Uzumaki!","3/18/20"
"One-Punch Man: The Strongest Hero","3/15/20"
"One-Punch Man: The Dominator of the Universe","3/15/20"
"One-Punch Man: Unparalleled Peril","3/14/20"
"One-Punch Man: Unyielding Justice","3/14/20"
"One-Punch Man: The Deep Sea King","3/14/20"
"One-Punch Man: The Ultimate Disciple","3/14/20"
"One-Punch Man: The Terrifying City","3/14/20"
"One-Punch Man: The Ultimate Mentor","3/14/20"
"One-Punch Man: The Modern Ninja","3/14/20"
"One-Punch Man: The Obsessive Scientist","3/14/20"
"One-Punch Man: The Lone Cyborg","3/14/20"
"Freaks","3/3/20"
"Rebirth","3/3/20"
"The Gift","3/2/20"
"The Coldest Game","3/2/20"
"3%: Season 1: Chapter 01: Cubes","3/2/20"
"Blow","3/1/20"
"DEATH NOTE: Death Note: New World","2/25/20"
"DEATH NOTE: Death Note: 1.28","2/25/20"
"DEATH NOTE: Death Note: Malice","2/25/20"
"DEATH NOTE: Death Note: Vigilance","2/25/20"
"DEATH NOTE: Death Note: Frenzy","2/25/20"
"DEATH NOTE: Death Note: Scorn","2/25/20"
"DEATH NOTE: Death Note: Selection","2/25/20"
"DEATH NOTE: Death Note: Transfer","2/24/20"
"DEATH NOTE: Death Note: Justice","2/24/20"
"DEATH NOTE: Death Note: Father","2/24/20"
"DEATH NOTE: Death Note: Impatience","2/24/20"
"DEATH NOTE: Death Note: Abduction","2/24/20"
"DEATH NOTE: Death Note: Renewal","2/24/20"
"DEATH NOTE: Death Note: Silence","2/24/20"
"DEATH NOTE: Death Note: Revival","2/24/20"
"DEATH NOTE: Death Note: Guidance","2/22/20"
"DEATH NOTE: Death Note: Performance","2/22/20"
"DEATH NOTE: Death Note: Makeshift","2/22/20"
"DEATH NOTE: Death Note: Matsuda","2/22/20"
"DEATH NOTE: Death Note: Ally","2/22/20"
"DEATH NOTE: Death Note: Execution","2/22/20"
"DEATH NOTE: Death Note: Decision","2/22/20"
"DEATH NOTE: Death Note: Wager","2/22/20"
"DEATH NOTE: Death Note: Friend","2/22/20"
"DEATH NOTE: Death Note: Confession","2/22/20"
"DEATH NOTE: Death Note: Love","2/22/20"
"DEATH NOTE: Death Note: Assault","2/22/20"
"DEATH NOTE: Death Note: Doubt","2/22/20"
"DEATH NOTE: Death Note: Encounter","2/22/20"
"DEATH NOTE: Death Note: Glare","2/22/20"
"DEATH NOTE: Death Note: Overcast","2/22/20"
"DEATH NOTE: Death Note: Unraveling","2/22/20"
"DEATH NOTE: Death Note: Tactics","2/22/20"
"DEATH NOTE: Death Note: Pursuit","2/22/20"
"DEATH NOTE: Death Note: Dealings","2/22/20"
"DEATH NOTE: Death Note: Confrontation","2/22/20"
"DEATH NOTE: Death Note: Rebirth","2/22/20"
"Rounders","2/17/20"
" ","2/16/20"
"Horse Girl","2/16/20"
"American Beauty","2/16/20"
"The Rainmaker","2/16/20"
"Kill Bill: Vol. 2","1/27/20"
"The Mind, Explained: Season 1: Psychedelics","1/27/20"
"The Mind, Explained: Season 1: Mindfulness","1/27/20"
"The Mind, Explained: Season 1: Anxiety","1/27/20"
"The Mind, Explained: Season 1: Dreams","1/27/20"
"The Mind, Explained: Season 1: Memory","1/27/20"
"The Master","1/25/20"
"The Talented Mr. Ripley","1/24/20"
"Steve Jobs","1/24/20"
"Limitless","1/24/20"
"MindGamers","1/20/20"
"Magnolia","1/17/20"
"The Story of God with Morgan Freeman: Beyond Death","1/6/20"
"In the Shadow of the Moon","1/6/20"
"Snowpiercer","1/6/20"
"6 Underground","1/6/20"
"A Wrinkle in Time","1/3/20"
"Inside Bill's Brain: Decoding Bill Gates: Limited Series: Part 3","12/31/19"
"Inside Bill's Brain: Decoding Bill Gates: Limited Series: Part 2","12/31/19"
"The Secret","12/30/19"
"Troy","12/27/19"
"A.M.I.","10/13/19"
"Sin City","10/13/19"
"Knowing","10/13/19"
"Dallas Buyers Club","10/1/19"
"American Psycho","10/1/19"
"Advantageous","10/1/19"
"50/50","9/29/19"
"2036 Origin Unknown","9/29/19"
"Jupiter Ascending","9/29/19"
"Velvet Buzzsaw","9/28/19"
"The Bad Batch","9/28/19"
"OtherLife","9/28/19"
"Under the Skin","9/28/19"
"Between Two Ferns: The Movie","9/28/19"
"Inside Bill's Brain: Decoding Bill Gates: Limited Series: Part 1","9/24/19"
"Time Trap","9/24/19"
"300","9/14/19"
"The Lord of the Rings: The Return of the King","9/8/19"
"The Signal","9/8/19"
"The Discovery","9/8/19"
"The Endless","9/8/19"
"The Cell","9/8/19"
"The Lord of the Rings: The Two Towers","9/1/19"
"The Ugly Truth","9/1/19"
"The Sixth Sense","9/1/19"
"MINDHUNTER: Season 1: Episode 1","9/1/19"
"American Hangman","9/1/19"
"John Carter","8/30/19"
"Selfless","8/24/19"
"The Iron Lady","8/24/19"
"Taking Lives","8/10/19"
"White Chamber","8/10/19"
"Clash of the Titans","8/9/19"
"The Break-Up","7/27/19"
"Gran Torino","7/26/19"
"The Great Hack","7/26/19"
"Next","7/26/19"
"Batman Begins","7/24/19"
"Planet Earth II: Islands","7/7/19"
"Equilibrium","7/6/19"
"Swiped","7/6/19"
"A.I. Artificial Intelligence","6/30/19"
"The Da Vinci Code","6/30/19"
"Sherlock Holmes","6/29/19"
"The Matrix Revolutions","6/23/19"
"The Matrix Reloaded","6/23/19"
"The Matrix","6/23/19"
"Murder Mystery","6/23/19"
"The Box","6/8/19"
"I Am Mother","6/7/19"
"Black Mirror: Season 5: Rachel, Jack and Ashley Too","6/7/19"
"Black Mirror: Season 5: Smithereens","6/7/19"
"Black Mirror: Season 5: Striking Vipers","6/7/19"
"The Soloist","4/7/19"
"The Clapper","4/7/19"
"Love, Death & Robots: Volume 1: THE SECRET WAR","4/7/19"
"Love, Death & Robots: Volume 1: ALTERNATE HISTORIES","4/7/19"
"Love, Death & Robots: Volume 1: BLINDSPOT","4/7/19"
"Love, Death & Robots: Volume 1: ZIMA BLUE","4/7/19"
"Love, Death & Robots: Volume 1: LUCKY 13","4/7/19"
"Love, Death & Robots: Volume 1: FISH NIGHT","4/7/19"
"Love, Death & Robots: Volume 1: HELPING HAND","4/7/19"
"Love, Death & Robots: Volume 1: SHAPE-SHIFTERS","4/7/19"
"Love, Death & Robots: Volume 1: THE DUMP","4/7/19"
"Love, Death & Robots: Volume 1: BEYOND THE AQUILA RIFT","4/7/19"
"Love, Death & Robots: Volume 1: WHEN THE YOGURT TOOK OVER","4/7/19"
"Love, Death & Robots: Volume 1: SUCKER OF SOULS","4/7/19"
"Love, Death & Robots: Volume 1: SUITS","4/7/19"
"Love, Death & Robots: Volume 1: THE WITNESS","4/7/19"
"Love, Death & Robots: Volume 1: THREE ROBOTS","4/7/19"
"The OA: Part I: Chapter 1: Homecoming","4/7/19"
"An Interview with God","4/5/19"
"Singularity","3/30/19"
"What Happened to Monday","3/30/19"
"One Strange Rock: Gasp","3/23/19"
"After Life: Season 1: Episode 1","3/23/19"
"Automata","3/23/19"
"The Pirates of Somalia","3/23/19"
"Tinker'","3/23/19"
"The Butterfly Effect","3/22/19"
"The Departed","3/10/19"
"Exposed","3/9/19"
"Budapest","3/9/19"
"The 40-Year-Old Virgin","3/8/19"
"Ronnie Coleman: The King","3/6/19"
"Conor McGregor: Notorious","3/6/19"
"Behind the Curve","3/2/19"
"FYRE: The Greatest Party That Never Happened","2/16/19"
"Solo: A Star Wars Story","2/10/19"
"Avengers: Infinity War","2/10/19"
"The Incredibles 2","2/10/19"
"Terminus","2/3/19"
"The Office (U.S.): Season 9: Finale","2/2/19"
"The Office (U.S.): Season 9: A.A.R.M","2/2/19"
"The Office (U.S.): Season 9: Livin' the Dream","2/2/19"
"The Office (U.S.): Season 9: Paper Airplane","2/2/19"
"The Office (U.S.): Season 9: Stairmageddon","2/2/19"
"The Office (U.S.): Season 9: Promos","2/1/19"
"The Office (U.S.): Season 9: The Farm","2/1/19"
"The Office (U.S.): Season 9: Moving On","2/1/19"
"The Office (U.S.): Season 9: Couple's Discount","2/1/19"
"The Office (U.S.): Season 9: Vandalism","1/31/19"
"The Office (U.S.): Season 9: Junior Salesman","1/31/19"
"The Office (U.S.): Season 9: Customer Loyalty","1/31/19"
"The Office (U.S.): Season 9: Suit Warehouse","1/30/19"
"The Office (U.S.): Season 9: Lice","1/30/19"
"The Office (U.S.): Season 9: Dwight Christmas","1/30/19"
"The Office (U.S.): Season 9: The Target","1/30/19"
"The Office (U.S.): Season 9: The Whale","1/30/19"
"The Office (U.S.): Season 9: The Boat","1/30/19"
"The Office (U.S.): Season 9: Here Comes Treble","1/30/19"
"The Office (U.S.): Season 9: Work Bus","1/30/19"
"The Office (U.S.): Season 9: Andy's Ancestry","1/30/19"
"The Office (U.S.): Season 9: Roy's Wedding","1/30/19"
"The Office (U.S.): Season 9: New Guys","1/30/19"
"The Office (U.S.): Season 8: Free Family Portrait Studio","1/28/19"
"The Office (U.S.): Season 8: Turf War","1/28/19"
"The Office (U.S.): Season 8: Fundraiser","1/27/19"
"The Office (U.S.): Season 8: Angry Andy","1/27/19"
"The Office (U.S.): Season 8: Welcome Party","1/27/19"
"The Office (U.S.): Season 8: Get the Girl","1/27/19"
"The Office (U.S.): Season 8: Last Day in Florida","1/27/19"
"The Office (U.S.): Season 8: Test the Store","1/27/19"
"The Office (U.S.): Season 8: After Hours","1/27/19"
"The Office (U.S.): Season 8: Tallahassee","1/27/19"
"The Office (U.S.): Season 8: Special Project","1/27/19"
"The Office (U.S.): Season 8: Jury Duty","1/27/19"
"The Office (U.S.): Season 8: Pool Party","1/27/19"
"The Office (U.S.): Season 8: Trivia","1/27/19"
"The Office (U.S.): Season 8: Christmas Wishes","1/27/19"
"The Office (U.S.): Season 8: Mrs. California","1/27/19"
"The Office (U.S.): Season 8: Gettysburg","1/27/19"
"The Office (U.S.): Season 8: Pam's Replacement","1/27/19"
"The Office (U.S.): Season 8: Doomsday","1/27/19"
"The Office (U.S.): Season 8: Spooked","1/27/19"
"The Office (U.S.): Season 8: Garden Party","1/27/19"
"The Office (U.S.): Season 8: Lotto","1/27/19"
"The Office (U.S.): Season 8: The Incentive","1/27/19"
"The Office (U.S.): Season 8: The List","1/27/19"
"The Office (U.S.): Season 7: Search Committee: Part 2","1/27/19"
"The Office (U.S.): Season 7: Search Committee: Part 1","1/27/19"
"The Office (U.S.): Season 7: Dwight K. Schrute, (Acting) Manager","1/27/19"
"The Office (U.S.): Season 7: The Inner Circle","1/27/19"
"The Office (U.S.): Season 7: Goodbye, Michael","1/27/19"
"The Office (U.S.): Season 7: Michael's Last Dundies","1/27/19"
"The Office (U.S.): Season 7: Training Day","1/27/19"
"The Office (U.S.): Season 7: Garage Sale","1/27/19"
"The Office (U.S.): Season 7: Todd Packer","1/27/19"
"The Office (U.S.): Season 7: Threat Level Midnight","1/26/19"
"The Office (U.S.): Season 7: PDA","1/26/19"
"The Office (U.S.): Season 7: The Search","1/26/19"
"The Office (U.S.): Season 7: The Seminar","1/26/19"
"The Office (U.S.): Season 7: Ultimatum","1/26/19"
"The Office (U.S.): Season 7: Classy Christmas: Part 2","1/26/19"
"The Office (U.S.): Season 7: Classy Christmas: Part 1","1/26/19"
"The Office (U.S.): Season 7: China","1/26/19"
"The Office (U.S.): Season 7: WUPHF.com","1/26/19"
"The Office (U.S.): Season 7: Viewing Party","1/25/19"
"The Office (U.S.): Season 7: Christening","1/25/19"
"The Office (U.S.): Season 7: Costume Contest","1/25/19"
"The Office (U.S.): Season 7: The Sting","1/25/19"
"The Office (U.S.): Season 7: Sex Ed","1/25/19"
"The Office (U.S.): Season 7: Andy's Play","1/25/19"
"The Office (U.S.): Season 7: Counseling","1/25/19"
"The Office (U.S.): Season 7: Nepotism","1/25/19"
"The Office (U.S.): Season 6: Whistleblower","1/25/19"
"The Office (U.S.): Season 6: The Chump","1/24/19"
"The Office (U.S.): Season 6: The Cover-Up","1/24/19"
"The Office (U.S.): Season 6: Body Language","1/24/19"
"The Office (U.S.): Season 6: Secretary's Day","1/23/19"
"The Office (U.S.): Season 6: Happy Hour","1/23/19"
"The Office (U.S.): Season 6: New Leads","1/23/19"
"The Office (U.S.): Season 6: St. Patrick's Day","1/23/19"
"The Office (U.S.): Season 6: Delivery: Part 2","1/23/19"
"The Office (U.S.): Season 6: Delivery: Part 1","1/23/19"
"The Office (U.S.): Season 6: Manager and the Salesman","1/23/19"
"The Office (U.S.): Season 6: Sabre","1/23/19"
"The Office (U.S.): Season 6: The Banker","1/23/19"
"The Office (U.S.): Season 6: Secret Santa","1/23/19"
"The Office (U.S.): Season 6: Scott's Tots","1/23/19"
"The Office (U.S.): Season 6: Shareholder Meeting","1/23/19"
"The Office (U.S.): Season 6: Murder","1/22/19"
"The Office (U.S.): Season 6: Double Date","1/22/19"
"The Office (U.S.): Season 6: Koi Pond","1/22/19"
"The Office (U.S.): Season 6: The Lover","1/22/19"
"The Office (U.S.): Season 6: Mafia","1/22/19"
"The Office (U.S.): Season 6: Niagara: Part 2","1/22/19"
"The Office (U.S.): Season 6: Niagara: Part 1","1/22/19"
"The Office (U.S.): Season 6: The Promotion","1/22/19"
"The Office (U.S.): Season 6: The Meeting","1/21/19"
"The Office (U.S.): Season 6: Gossip","1/21/19"
"The Office (U.S.): Season 5: Company Picnic","1/21/19"
"The Office (U.S.): Season 5: Cafe Disco","1/21/19"
"The Office (U.S.): Season 5: Casual Friday","1/21/19"
"The Office (U.S.): Season 5: Broke","1/20/19"
"The Office (U.S.): Season 5: Heavy Competition","1/20/19"
"The Office (U.S.): Season 5: Michael Scott Paper Company","1/20/19"
"The Office (U.S.): Season 5: Dream Team","1/20/19"
"The Office (U.S.): Season 5: Two Weeks","1/20/19"
"The Office (U.S.): Season 5: New Boss","1/20/19"
"The Office (U.S.): Season 5: Golden Ticket","1/20/19"
"The Office (U.S.): Season 5: Blood Drive","1/19/19"
"The Office (U.S.): Season 5: Lecture Circuit: Part 2","1/19/19"
"The Office (U.S.): Season 5: Lecture Circuit: Part 1","1/19/19"
"The Office (U.S.): Season 5: Stress Relief: Part 2","1/19/19"
"The Office (U.S.): Season 5: Stress Relief: Part 1","1/19/19"
"The Office (U.S.): Season 5: Prince Family Paper","1/19/19"
"The Office (U.S.): Season 5: The Duel","1/19/19"
"The Office (U.S.): Season 5: Moroccan Christmas","1/19/19"
"The Office (U.S.): Season 5: The Surplus","1/19/19"
"The Office (U.S.): Season 5: Frame Toby","1/19/19"
"The Office (U.S.): Season 5: Business Trip","1/19/19"
"The Office (U.S.): Season 5: Customer Survey","1/19/19"
"The Office (U.S.): Season 5: Employee Transfer","1/19/19"
"The Office (U.S.): Season 5: Crime Aid","1/19/19"
"The Office (U.S.): Season 5: Baby Shower","1/19/19"
"The Office (U.S.): Season 5: Business Ethics","1/19/19"
"The Office (U.S.): Season 5: Weight Loss: Part 2","1/19/19"
"The Office (U.S.): Season 5: Weight Loss: Part 1","1/19/19"
"The Office (U.S.): Season 4: Goodbye, Toby","1/19/19"
"The Office (U.S.): Season 4: Job Fair","1/19/19"
"The Office (U.S.): Season 4: Did I Stutter","1/19/19"
"The Office (U.S.): Season 4: Night Out","1/19/19"
"The Office (U.S.): Season 4: The Chair Model","1/19/19"
"The Office (U.S.): Season 4: Dinner Party","1/19/19"
"The Office (U.S.): Season 4: The Deposition","1/19/19"
"The Office (U.S.): Season 4: Survivor Man","1/19/19"
"The Office (U.S.): Season 4: Branch Wars","1/19/19"
"The Office (U.S.): Season 4: Local Ad","1/19/19"
"The Office (U.S.): Season 4: Money","1/19/19"
"The Office (U.S.): Season 4: Launch Party","1/19/19"
"The Office (U.S.): Season 4: Dunder Mifflin Infinity","1/19/19"
"The Office (U.S.): Season 4: Fun Run","1/18/19"
"The Office (U.S.): Season 3: The Job","1/18/19"
"The Office (U.S.): Season 3: Beach Games","1/18/19"
"The Office (U.S.): Season 3: Women's Appreciation","1/18/19"
"The Office (U.S.): Season 3: Product Recall","1/18/19"
"The Office (U.S.): Season 3: Safety Training","1/17/19"
"The Office (U.S.): Season 3: The Negotiation","1/16/19"
"The Office (U.S.): Season 3: Cocktails","1/16/19"
"The Office (U.S.): Season 3: Business School","1/16/19"
"The Office (U.S.): Season 3: Phyllis's Wedding","1/16/19"
"The Office (U.S.): Season 3: Ben Franklin","1/15/19"
"The Office (U.S.): Season 3: The Return","1/15/19"
"The Office (U.S.): Season 3: Traveling Salesmen","1/15/19"
"The Office (U.S.): Season 3: Back from Vacation","1/15/19"
"The Office (U.S.): Season 3: A Benihana Christmas","1/15/19"
"The Office (U.S.): Season 3: The Convict","1/15/19"
"The Office (U.S.): Season 3: The Merger","1/14/19"
"The Office (U.S.): Season 3: Branch Closing","1/14/19"
"Sex Education: Season 1: Episode 4","1/14/19"
"Sex Education: Season 1: Episode 3","1/14/19"
"Sex Education: Season 1: Episode 2","1/14/19"
"Sex Education: Season 1: Episode 1","1/14/19"
"The Office (U.S.): Season 3: Diwali","1/13/19"
"The Office (U.S.): Season 3: Initiation","1/13/19"
"The Office (U.S.): Season 3: Grief Counseling","1/13/19"
"The Office (U.S.): Season 3: The Coup","1/13/19"
"The Office (U.S.): Season 3: The Convention","1/13/19"
"The Office (U.S.): Season 3: Gay Witch Hunt","1/13/19"
"The Office (U.S.): Season 2: Casino Night","1/13/19"
"The Office (U.S.): Season 2: Conflict Resolution","1/13/19"
"The Office (U.S.): Season 2: Drug Testing","1/13/19"
"The Office (U.S.): Season 2: Michael's Birthday","1/13/19"
"The Office (U.S.): Season 2: Take Your Daughter to Work Day","1/13/19"
"The Office (U.S.): Season 2: Dwight's Speech","1/13/19"
"The Office (U.S.): Season 2: Valentine's Day","1/12/19"
"The Office (U.S.): Season 2: Boys and Girls","1/12/19"
"The Office (U.S.): Season 2: The Carpet","1/12/19"
"The Office (U.S.): Season 2: The Secret","1/12/19"
"The Office (U.S.): Season 2: The Injury","1/12/19"
"The Office (U.S.): Season 2: Booze Cruise","1/12/19"
"The Office (U.S.): Season 2: Christmas Party","1/12/19"
"The Office (U.S.): Season 2: Email Surveillance","1/12/19"
"The Office (U.S.): Season 2: Performance Review","1/12/19"
"Altered Carbon: Season 1: The Wrong Man","1/12/19"
"Altered Carbon: Season 1: Force of Evil","1/12/19"
"Altered Carbon: Season 1: In a Lonely Place","1/12/19"
"Altered Carbon: Season 1: Fallen Angel","1/12/19"
"Altered Carbon: Season 1: Out of the Past","1/12/19"
"iBOY","1/12/19"
"The Office (U.S.): Season 2: The Client","1/12/19"
"The Office (U.S.): Season 2: The Fight","1/12/19"
"The Office (U.S.): Season 2: Halloween","1/12/19"
"The Office (U.S.): Season 2: The Fire","1/12/19"
"The Office (U.S.): Season 2: Office Olympics","1/12/19"
"The Office (U.S.): Season 2: Sexual Harassment","1/12/19"
"The Office (U.S.): Season 2: The Dundies","1/12/19"
"The Informant!","1/12/19"
"Anon","1/11/19"
"The Titan","1/10/19"
"Moon","1/10/19"
"The Little Hours","1/10/19"
"Black Mirror: Season 4: Arkangel","1/10/19"
"Black Mirror: Bandersnatch","12/29/18"
"Bird Box","12/28/18"
"TAU","12/25/18"
"District 9","12/24/18"
"No Country for Old Men","12/24/18"
"The Lobster","12/24/18"
"Thor: Ragnarok","11/22/18"
"Equals","11/22/18"
"V for Vendetta","11/18/18"
"Minimalism: A Documentary About the Important Things","11/18/18"
"Eternal Sunshine of the Spotless Mind","11/17/18"
"Transcendence","11/17/18"
"The Office (U.S.): Hot Girl","11/8/18"
"Tony Robbins: I Am Not Your Guru","11/4/18"
"Black Mirror: Season 4: USS Callister","11/3/18"
"Jackass: Number Two","10/28/18"
"Jackass 2.5","10/28/18"
"Billy Madison","10/28/18"
"Up in the Air","10/28/18"
"Masterminds","10/28/18"
"Chappaquiddick","10/28/18"
"Mr. Nobody","10/28/18"
"Spring Breakers","10/28/18"
"Generation Iron 2","10/27/18"
"Pumping Iron","10/26/18"
"Anger Management","10/20/18"
"Zack and Miri Make a Porno","10/20/18"
"She's Out of My League","10/20/18"
"The Office (U.S.): Basketball","10/20/18"
"The Office (U.S.): The Alliance","10/20/18"
"The Office (U.S.): Health Care","10/20/18"
"The Office (U.S.): Diversity Day","10/20/18"
"The Office (U.S.): Pilot","10/20/18"
"The Overnight","10/20/18"
"Bachelorette","10/20/18"
"Groundhog Day","10/19/18"
"Ozark: Season 2: The Gold Coast","9/25/18"
"Ozark: Season 2: The Badger","9/25/18"
"Ozark: Season 2: The Big Sleep","9/25/18"
"Ozark: Season 2: One Way Out","9/24/18"
"Ozark: Season 2: Outer Darkness","9/24/18"
"Ozark: Season 2: Game Day","9/24/18"
"Ozark: Season 2: Stag","9/24/18"
"Ozark: Season 2: Once a Langmore...","9/24/18"
"Ozark: Season 2: The Precious Blood of Jesus","9/23/18"
"Ozark: Season 2: Reparations","9/23/18"
"Ozark: Season 1: The Toll","9/23/18"
"Ozark: Season 1: Coffee, Black","9/23/18"
"Ozark: Season 1: Kaleidoscope","9/23/18"
"Ozark: Season 1: Nest Box","9/23/18"
"Ozark: Season 1: Book of Ruth","9/23/18"
"Ozark: Season 1: Ruling Days","9/23/18"
"Ozark: Season 1: Tonight We Improvise","9/23/18"
"Ozark: Season 1: My Dripping Sleep","9/23/18"
"Ozark: Season 1: Blue Cat","9/23/18"
"Ozark: Season 1: Sugarwood","9/23/18"
"Southpaw","9/23/18"
