Playlist Id,Channel Id,Time Created,Time Updated,Title,Description,Visibility
LLKNB3EYMKc2jiPE_19DhlYQ,UCKNB3EYMKc2jiPE_19DhlYQ,2018-01-17 04:48:26 UTC,2022-06-07 23:31:23 UTC,Liked videos,,Private

Video Id,Time Added
XhA9wNUg5cg,2022-06-07 23:31:23 UTC
SwSbnmqk3zY,2022-06-07 06:06:50 UTC
xHWXZyfhQas,2022-06-06 02:02:32 UTC
c1OoWdqbKdg,2022-06-05 20:45:12 UTC
N88OE2ZCHBM,2022-06-05 18:50:06 UTC
Y1OpbDWp8KY,2022-06-05 17:51:29 UTC
xguam0TKMw8,2022-06-05 16:53:13 UTC
DJi8fN6hBmc,2022-06-04 03:49:46 UTC
C9h0uhjdsOI,2022-06-03 05:25:33 UTC
JAGGP9U5MbA,2022-06-03 00:35:31 UTC
KnE-J_bXTr4,2022-06-03 00:24:53 UTC
w7EcmRiLeUs,2022-05-30 17:11:13 UTC
yICVNta8jMU,2022-05-29 18:01:25 UTC
5Cxk9Hyemd8,2022-05-29 16:46:55 UTC
MrMURochE6Y,2022-05-28 21:55:32 UTC
sgXBgdvISlY,2022-05-28 18:24:59 UTC
YzFndivyAuU,2022-05-28 16:43:26 UTC
_UoCh1N6J5o,2022-05-28 04:01:55 UTC
uL5bcwKRqAM,2022-05-24 04:34:28 UTC
 -MIn4wFvLM0,2022-05-24 02:55:16 UTC
-0R7-zTbpbc,2022-05-20 23:41:19 UTC
4ZxzBcxB7Zc,2022-05-15 01:17:43 UTC
a18lFczMlfM,2022-05-14 22:59:39 UTC
wDlkyPCUNZI,2022-05-11 21:43:36 UTC
SKcdPxXilyk,2022-05-01 16:08:47 UTC
XW0YptcgZSk,2022-05-01 02:50:18 UTC
spGGZDzqRG4,2022-04-30 18:07:59 UTC
lLSkZ7v-7T4,2022-04-29 01:05:45 UTC
x_8UVIw0GX0,2022-04-29 00:43:19 UTC
7Ok761V6Zr4,2022-04-27 02:31:55 UTC
Ct6BUPvE2sM,2022-04-26 02:17:53 UTC
eu4qPRT4USY,2022-04-24 03:48:03 UTC
g8cBGLXvBco,2022-04-24 03:45:01 UTC
G4syHs3M82E,2022-04-22 20:57:37 UTC
5MZo2RoS8Yo,2022-04-22 20:52:41 UTC
Z2AachB309o,2022-04-22 04:18:14 UTC
tWj3VBgf3b4,2022-04-19 05:29:44 UTC
DUXghsvSouA,2022-04-18 00:28:53 UTC
gNMTnMsBsUE,2022-04-17 23:54:05 UTC
GzhKG23pl-0,2022-04-13 03:19:15 UTC
NwT5UFaCqmI,2022-04-10 03:35:58 UTC
SQrZWrDKZpc,2022-04-08 04:11:51 UTC
gfn7N1LBvQA,2022-04-08 04:02:50 UTC
fiwUE_2JhvY,2022-04-08 02:55:56 UTC
7yzImCTv7A0,2022-03-30 05:44:14 UTC
jyJfZIVzSWE,2022-03-25 22:15:57 UTC
X30iDsWjVvI,2022-03-24 01:39:09 UTC
cF1VD2sYTEs,2022-03-22 23:45:34 UTC
XKWcAsT8Sqc,2022-03-11 21:33:29 UTC
qod03PVTLqk,2022-03-06 02:02:26 UTC
PjbEKVxLIcE,2022-02-27 02:08:06 UTC
ZpBVz7Te-vA,2022-02-17 21:29:57 UTC
hl7ZXG4v-_c,2022-02-17 04:31:07 UTC
9rQB6qNqLuI,2022-02-11 04:25:27 UTC
tndzLznxq40,2022-02-09 04:00:50 UTC
 -Tzxx0XFrjI,2022-02-07 02:30:42 UTC
pQf-urRISic,2022-01-22 19:07:21 UTC
ADHFwabVJec,2022-01-09 03:56:22 UTC
9dQzTnvsNG4,2022-01-04 03:17:18 UTC
7iSZ4rPycS0,2021-12-31 17:48:28 UTC
9uASADiYe_8,2021-12-26 16:07:12 UTC
_cDx8riNaJg,2021-12-21 03:21:33 UTC
 -JMF6hkOnmY,2021-12-21 02:58:30 UTC
zGiOkuoJGyk,2021-12-19 16:28:27 UTC
Q1RaC7YJ7sk,2021-12-05 17:06:36 UTC
WyHVsLXdpQE,2021-11-28 04:40:29 UTC
G_4OhUyvxcQ,2021-11-28 04:24:46 UTC
vK0f6Ae8tBQ,2021-11-12 07:18:21 UTC
iwyyxEJCIuU,2021-11-12 01:10:22 UTC
5vTVP3UZmS0,2021-11-10 04:35:23 UTC
LrDJXIQ_-eg,2021-11-10 04:15:51 UTC
f8GsktKdHrI,2021-11-09 03:50:10 UTC
XRYYVhQ4mEI,2021-11-08 14:13:29 UTC
O2Fwz1QYwFk,2021-11-07 00:43:02 UTC
5AhZh4A7NLM,2021-11-06 00:41:02 UTC
MaDCiS8m37Q,2021-11-05 13:59:13 UTC
TeVbYCIFVa8,2021-11-05 02:21:04 UTC
891MOyYBadY,2021-11-04 03:20:40 UTC
gybxiIIa5nw,2021-11-04 02:20:02 UTC
7ZcmboYbNPQ,2021-11-03 03:08:25 UTC
osUTMnDFV30,2021-10-31 05:29:48 UTC
MnUfXYGtT5Q,2021-10-31 04:30:06 UTC
cV2gBU6hKfY,2021-10-31 02:36:22 UTC
pXDx6DjNLDU,2021-10-31 02:30:25 UTC
3hw_y9hI_js,2021-10-30 18:25:50 UTC
Uvufun6xer8,2021-10-30 00:56:06 UTC
Uw2d52XQ1L8,2021-10-29 03:39:31 UTC
vqJQvJ7i7Ek,2021-10-24 22:20:44 UTC
aJSJ7xCOCOg,2021-10-24 16:06:54 UTC
jO4-1B8LcVs,2021-10-22 02:51:16 UTC
oVlspd9hxFA,2021-10-11 01:06:22 UTC
sdeQjm7avi8,2021-10-09 23:51:23 UTC
xuc9C-C6Ldw,2021-10-09 02:29:59 UTC
0Mo5QA2Os1I,2021-10-06 23:15:12 UTC
yWpI4LPhEv8,2021-10-03 19:11:44 UTC
_AQs_5Mjc4o,2021-09-26 22:25:13 UTC
aXK9KD9x1lQ,2021-09-25 01:29:58 UTC
DtuZJrwkosY,2021-09-23 01:55:32 UTC
_OxYUhAZOy0,2021-09-19 15:15:35 UTC
4n7bUYBYZPE,2021-09-19 15:04:11 UTC
yC0ckO2PrBA,2021-09-18 02:06:30 UTC
Gb1Z71JfI6E,2021-09-17 02:39:49 UTC
IJrKlSkxRHA,2021-09-17 02:16:30 UTC
3kBIxmjun1U,2021-09-17 01:45:07 UTC
f8rD8XoxTfE,2021-09-16 04:27:56 UTC
PKP0JBhgtRQ,2021-09-16 03:33:19 UTC
CMuz9r-CUJc,2021-09-14 02:11:27 UTC
dDv-xnCSvgw,2021-09-14 01:39:22 UTC
Ek1qCQ5K3_k,2021-09-12 15:29:27 UTC
FQ58ORFElyo,2021-09-11 18:32:54 UTC
2w5HQL9ef_A,2021-09-09 03:45:01 UTC
pdEAcg8xLG8,2021-09-06 04:46:16 UTC
LMAs9lnZfoM,2021-09-05 22:44:45 UTC
EF8GhC-T_Mo,2021-09-05 21:58:02 UTC
YsBPqO3pv_Y,2021-09-04 00:17:14 UTC
TmlnFgPsE4M,2021-08-31 04:00:00 UTC
kTcCeCgIV2I,2021-08-31 02:49:16 UTC
8GFlZj2g4ps,2021-08-31 02:39:43 UTC
052iTp04DRY,2021-08-29 16:27:41 UTC
aW2LvQUcwqc,2021-08-28 21:29:41 UTC
g0dsGmm-CAA,2021-08-25 02:20:04 UTC
vNPl14Bpq-Q,2021-08-17 14:22:37 UTC
HPweNzAPidw,2021-08-14 23:54:26 UTC
1MkrNVic7pw,2021-08-14 15:46:22 UTC
t5fHgx8q9Ss,2021-08-13 00:43:22 UTC
ZmtOGXreTOU,2021-08-12 03:17:56 UTC
2xsbt3a7K-8,2021-08-12 03:02:32 UTC
v7eHTNm1YtU,2021-08-11 03:53:17 UTC
hxwpkM5w3Cc,2021-08-11 03:13:59 UTC
1O55nCaG2QM,2021-08-11 02:50:54 UTC
KnncB5vg9ok,2021-08-09 04:36:25 UTC
VQ9gU5g9U7g,2021-08-07 04:52:12 UTC
1IkXwOOgN8U,2021-08-06 05:42:52 UTC
P_A2kNpyQBs,2021-08-06 05:40:38 UTC
j8EwL8-ateI,2021-08-04 02:37:56 UTC
094y1Z2wpJg,2021-08-02 03:44:31 UTC
mnZ4ftlifik,2021-08-01 05:20:19 UTC
YTygiQSNtJE,2021-08-01 01:39:29 UTC
0zaGYLPj4Kk,2021-07-24 19:03:50 UTC
Cc3S2TNJI8k,2021-07-21 04:46:25 UTC
ZTF6vF7nHlM,2021-07-18 03:33:35 UTC
mr7ZfX1E55g,2021-07-18 02:03:28 UTC
c_Fa_fucl1o,2021-07-18 01:12:10 UTC
JWN8mttoCm0,2021-07-17 15:55:34 UTC
b-pLRX3L-fg,2021-07-14 17:24:37 UTC
Mn2gT9o32vQ,2021-07-14 03:33:29 UTC
4duqI8WyfqE,2021-07-14 02:57:38 UTC
GhqGfNrA3e4,2021-07-13 05:14:48 UTC
PBKa-AAy_vo,2021-07-12 05:47:43 UTC
dh3MiwuLntA,2021-07-12 05:42:18 UTC
GMmKzUFaVYM,2021-07-12 05:31:18 UTC
qZJUXhr3J_0,2021-07-12 01:39:48 UTC
k5cfpCeCyfA,2021-07-12 01:34:09 UTC
6twsKDzlOTI,2021-07-06 05:50:43 UTC
wO61D9x6lNY,2021-07-06 00:07:25 UTC
2CvnajExX-A,2021-07-06 00:05:46 UTC
LBrjFD3nHbA,2021-07-04 02:15:11 UTC
1I1vxu5qIUM,2021-06-26 16:45:01 UTC
5Mh3o886qpg,2021-06-26 16:31:53 UTC
wteUW2sL7bc,2021-06-26 16:08:08 UTC
_I7SeaPuFjM,2021-06-26 02:34:50 UTC
HDqAMC43GWo,2021-06-26 02:33:30 UTC
ASaNvrSEuTY,2021-06-26 01:37:47 UTC
9u9RXIINJw0,2021-06-24 06:04:13 UTC
_aR_qwbBOxw,2021-06-23 01:54:50 UTC
pBdKnPcNyl8,2021-06-23 01:18:39 UTC
DYCEXg4_lCM,2021-06-21 17:23:34 UTC
T1vxw54yZCE,2021-06-19 00:57:56 UTC
sSfejgwbDQ8,2021-06-18 02:53:51 UTC
U4fkzEoj8I8,2021-06-18 01:28:14 UTC
UIge2mYdTtM,2021-06-17 14:17:24 UTC
x-3XxK6N0kM,2021-06-13 18:36:13 UTC
5Z6i8UhOVXY,2021-06-13 05:19:33 UTC
CncwMAb9-xI,2021-06-13 02:10:10 UTC
i2wLyhgeYsw,2021-06-05 18:14:40 UTC
n-yoOQ6axsw,2021-06-05 04:52:55 UTC
N-BbgqOjIqk,2021-06-05 04:34:53 UTC
E6E22XQPhhg,2021-06-05 04:07:54 UTC
BlZ-Wc3cMP8,2021-06-01 05:08:14 UTC
4TVohXHjLro,2021-05-31 14:41:53 UTC
Vx_60kIXLIU,2021-05-28 21:30:02 UTC
vU5_qFYDUC8,2021-05-28 17:29:25 UTC
JXeJANDKwDc,2021-05-27 04:04:32 UTC
Rgx8dpiPwpA,2021-05-26 03:43:52 UTC
oUXNusdPetE,2021-05-21 01:53:46 UTC
L7c4wS7T_T8,2021-05-21 01:41:22 UTC
u46AgJg_TAc,2021-05-20 04:01:34 UTC
unHR2Zd3OUE,2021-05-20 03:40:15 UTC
_D6Lqsl4lPs,2021-05-15 17:37:55 UTC
Jnx7vAMvssI,2021-05-15 02:57:38 UTC
7CZTLogln34,2021-05-15 02:51:41 UTC
lLWEXRAnQd0,2021-05-14 17:25:03 UTC
rgMd_dSOSu4,2021-05-14 15:44:01 UTC
_8m-SGKHuQ8,2021-05-13 00:42:54 UTC
kexuG-YcQFA,2021-05-12 00:52:51 UTC
6P3LB7L0TbE,2021-05-08 23:02:04 UTC
6SCug5kUsBs,2021-05-08 22:47:22 UTC
a79PPZ_4abA,2021-05-01 02:24:17 UTC
l44aHEwjUgU,2021-05-01 01:51:51 UTC
ylhsbfQTPDQ,2021-05-01 00:30:26 UTC
fzeWc3zh01g,2021-04-30 22:46:40 UTC
a04GaHUB7Qk,2021-04-30 00:38:48 UTC
_ArVh3Cj9rw,2021-04-28 23:52:57 UTC
PzM0LzybwG4,2021-04-28 22:59:14 UTC
ApoxLQuk06s,2021-04-24 03:08:02 UTC
xeVyfiP0cLk,2021-04-22 01:16:29 UTC
lLLDYJE42As,2021-04-20 23:53:35 UTC
k_YqsqJBUfw,2021-04-17 15:54:51 UTC
xHEjh5fXuW4,2021-04-17 15:03:31 UTC
tT2gVblzFvY,2021-04-17 02:54:52 UTC
IAuRoAUV19o,2021-04-17 02:50:53 UTC
epqYft12nV4,2021-04-17 02:46:14 UTC
bgFKhbUKqGE,2021-04-16 02:43:59 UTC
uFAlRKjexSg,2021-04-11 09:45:58 UTC
6pm8_cohgVg,2021-04-10 19:20:57 UTC
ZP8DDnXNK5g,2021-04-10 15:11:07 UTC
EvJb_QX9Atk,2021-04-09 03:39:24 UTC
N5qixzB0BAs,2021-04-03 04:29:05 UTC
YN_F9bNuF0I,2021-04-03 00:09:40 UTC
dBFW8OvciIU,2021-04-02 02:59:34 UTC
XnfgDL16I2c,2021-04-01 13:22:24 UTC
StmNWzHbQJU,2021-04-01 03:44:36 UTC
AdODnbx3Wuc,2021-04-01 03:21:08 UTC
b3vJRFYGCOw,2021-04-01 02:24:04 UTC
SyXIdJMbMBs,2021-03-31 04:40:22 UTC
 -VjbYI-eaTQ,2021-03-28 16:54:03 UTC
mPY7Mq4M_Co,2021-03-26 01:18:44 UTC
 -UdWguw90g4,2021-03-20 00:17:21 UTC
Su6kidaGW_8,2021-03-17 23:53:39 UTC
dqJAo5GdKJg,2021-03-16 04:54:08 UTC
PmlRbfSavbI,2021-03-16 04:33:16 UTC
DPZzrlFCD_I,2021-03-16 04:09:20 UTC
Ida9KWfFTG4,2021-03-14 02:24:55 UTC
057ESnZZDf4,2021-03-13 16:23:36 UTC
coSw7CNC-aY,2021-03-11 02:26:21 UTC
6_IGHMSsdD0,2021-03-10 13:55:41 UTC
mdu9KvLxHFg,2021-03-07 18:32:27 UTC
WXhh9hSlyHs,2021-03-07 18:08:16 UTC
ez773teNFYA,2021-03-07 04:32:36 UTC
_nQFjyHPrDs,2021-03-07 00:24:33 UTC
vdW9XDBuxjU,2021-03-06 21:41:10 UTC
A_7-rOBkf7o,2021-03-06 16:07:13 UTC
i3bv1nm-HZE,2021-03-06 15:43:04 UTC
9CWrx7dXKyA,2021-03-06 01:17:20 UTC
lELqICjAOwg,2021-03-04 01:07:12 UTC
1_ZsDBMPQMI,2021-03-04 00:36:25 UTC
odpq1vjWUXA,2021-03-04 00:29:19 UTC
j0o-pMIR8uk,2021-03-03 01:40:18 UTC
o8c4uYnnNnc,2021-03-03 01:30:58 UTC
Z4oy6mnkyW4,2021-03-02 03:02:31 UTC
l51LcwHOW7s,2021-03-02 02:36:26 UTC
JDQX39o7Z-M,2021-02-28 19:14:14 UTC
HS1CWAkbRu0,2021-02-27 04:12:31 UTC
tH2tKigOPBU,2021-02-27 04:09:59 UTC
BG_ESa_8-zQ,2021-02-26 22:01:37 UTC
7DsqK2cVl0Y,2021-02-20 18:15:37 UTC
yZOi9HH5ueU,2021-02-20 00:44:47 UTC
KC0DlJza3dk,2021-02-19 00:39:04 UTC
AxlfmE2iuDM,2021-02-17 18:53:07 UTC
WQ8Xgp8ALFo,2021-02-17 02:16:46 UTC
vsTTXYxydOE,2021-02-17 01:56:31 UTC
SiyxnuCW4Xk,2021-02-15 23:57:23 UTC
a8ds6SnOGow,2021-02-09 01:27:19 UTC
2xprV-nDSnw,2021-02-02 02:22:15 UTC
i2zfgVxtOG8,2021-02-02 01:27:33 UTC
q0KGYwNbf-0,2021-02-01 05:37:34 UTC
2c6nsIJh4QU,2021-01-31 17:36:45 UTC
XNsrv9NBPoo,2021-01-31 16:47:39 UTC
ajVMQn5-nxY,2021-01-31 16:41:56 UTC
cw5gCoIbUbg,2021-01-30 03:10:54 UTC
kii3NIPr9sk,2021-01-28 04:47:24 UTC
f5dU3xoE6ms,2021-01-27 03:17:51 UTC
JlMyYuY1aXU,2021-01-27 02:51:13 UTC
4QXDC8Z44z4,2021-01-22 23:15:10 UTC
RB3g6mXLEKk,2021-01-19 01:07:15 UTC
zHL9GP_B30E,2021-01-17 16:15:34 UTC
KyYXM6KsYMM,2021-01-16 19:55:07 UTC
TkS3CwZdJdc,2021-01-15 13:52:54 UTC
5Fg9oZk-5uA,2021-01-11 01:14:33 UTC
q4xKvHANqjk,2021-01-10 22:37:47 UTC
vWLJeqLPfSU,2021-01-10 22:20:24 UTC
IDMiMKWucaI,2021-01-10 01:25:19 UTC
6MjHA3cLKn0,2021-01-10 00:19:38 UTC
EpqR1dpM3yI,2021-01-07 19:06:45 UTC
Vfd-ViehdA0,2021-01-07 02:08:28 UTC
sW9npZVpiMI,2021-01-06 01:22:18 UTC
62LPu1dwR7c,2021-01-02 17:35:05 UTC
Nqk_nWAjBus,2021-01-02 02:10:08 UTC
jr478w--dpE,2021-01-02 01:50:34 UTC
fqYJmBK1wdQ,2020-12-31 02:56:34 UTC
gWt7xy4y2lQ,2020-12-28 23:45:29 UTC
6I44IYGyB_4,2020-12-28 02:18:45 UTC
M9SGYBHY0qs,2020-12-28 01:18:34 UTC
DbPpZ9cllXI,2020-12-27 18:54:12 UTC
sRuNV-bqlXg,2020-12-26 17:54:32 UTC
aJgZgisiUsY,2020-12-23 23:10:40 UTC
eHyDW8-X9Pg,2020-12-21 02:41:03 UTC
dg2Ag3e8W-Q,2020-12-21 01:09:06 UTC
buleTXAUJGM,2020-12-20 18:45:30 UTC
nBefCWjwfn0,2020-12-20 18:34:00 UTC
eZYtnzODpW4,2020-12-20 05:28:12 UTC
4t4kBkMsDbQ,2020-12-20 05:04:45 UTC
qsA8zREbt6g,2020-12-20 05:02:13 UTC
 -rSqbgI7oZM,2020-12-20 04:30:53 UTC
80vIin4xGp8,2020-12-20 02:07:17 UTC
BZqzhmlTkAc,2020-12-20 01:07:20 UTC
ABC5TRSj9gE,2020-12-19 04:18:38 UTC
NcmvuDvfCbA,2020-12-19 03:02:15 UTC
RiTH2ekj5g8,2020-12-19 01:17:00 UTC
09GQGlHTVlY,2020-12-18 03:36:26 UTC
gKwLLKTDp-k,2020-12-18 03:19:57 UTC
 -QiRLXBBfzI,2020-12-18 01:43:47 UTC
Inmaqv7OvLE,2020-12-18 00:41:52 UTC
E9se1YqCRaA,2020-12-17 00:48:16 UTC
qsuJxmZx-28,2020-12-15 21:38:38 UTC
_6zbQYLrtvc,2020-12-15 19:30:25 UTC
qSSYO1XIP48,2020-12-15 19:26:28 UTC
di3IQw4_sg0,2020-12-14 00:19:44 UTC
Fh7Mxlx_2-0,2020-12-13 07:54:16 UTC
uAWfkUl-eCg,2020-12-13 06:33:06 UTC
tOsZAW-eIS4,2020-12-13 03:48:16 UTC
PiW-uS1saMQ,2020-12-12 22:02:21 UTC
uEcK4n2GiJI,2020-12-12 00:26:53 UTC
bqbBB3iXVqE,2020-12-11 06:30:53 UTC
HKfEtmi2qBw,2020-12-10 17:12:58 UTC
KukkF2A6PTI,2020-12-06 22:12:29 UTC
NQCsNxMmZqo,2020-12-06 17:18:04 UTC
dsODRfCMRoM,2020-12-05 22:40:30 UTC
45FtC8OUtgI,2020-12-03 04:07:42 UTC
etx0k1nLn78,2020-12-02 02:45:50 UTC
rpo0fW3Mq1M,2020-12-02 01:30:42 UTC
G762bKRhn_8,2020-11-28 01:36:59 UTC
_oCISyxO8nE,2020-11-27 19:19:04 UTC
NZtZBtqXmdE,2020-11-24 00:13:11 UTC
Iu635BJxBQE,2020-11-23 17:24:18 UTC
pmwkdXysspU,2020-11-23 01:07:54 UTC
nRrhnP9cnTM,2020-11-22 17:40:20 UTC
CA-hh5-dLwU,2020-11-21 19:22:11 UTC
OSymwjAEzV0,2020-11-21 18:44:12 UTC
huZvcnIiVHU,2020-11-21 18:36:22 UTC
wRpLlbOgtx4,2020-11-21 04:53:34 UTC
jVQEe8OI3zk,2020-11-21 04:39:19 UTC
QNk73MyBYKU,2020-11-21 04:33:05 UTC
akqeL9AtJYI,2020-11-20 02:14:50 UTC
OkHD4OVjS4E,2020-11-18 01:20:26 UTC
kr1IF8wdHtw,2020-11-18 00:34:46 UTC
Ro-ROkDpV_8,2020-11-14 14:18:27 UTC
bdtWVQ-P_7U,2020-11-13 03:37:43 UTC
y7ksXLhuy-w,2020-11-13 01:33:03 UTC
5AwdkGKmZ0I,2020-11-11 01:55:05 UTC
EH1I-8KyI9Y,2020-11-10 02:22:44 UTC
YNMkADpvO4w,2020-11-09 02:32:21 UTC
FiyDg6kIrmk,2020-11-08 18:19:50 UTC
C98utqSisuM,2020-11-05 23:31:49 UTC
4352rEUgM60,2020-11-05 02:17:04 UTC
V6HlbpczpDM,2020-11-05 01:27:23 UTC
_p9vzkTnov8,2020-11-05 00:14:13 UTC
yhO6jfHPFQU,2020-11-04 03:51:36 UTC
DujQ57JIckY,2020-11-04 01:22:10 UTC
VQAgMKcO47s,2020-11-01 15:39:34 UTC
LemixQuEoyM,2020-11-01 03:47:03 UTC
xdT1Vj2FYVo,2020-10-27 01:27:55 UTC
fD31h3BJ6mA,2020-10-24 17:33:49 UTC
KR0g-1hnQPA,2020-10-23 01:46:11 UTC
1ejigksI3DY,2020-10-23 00:26:54 UTC
qXVA0Cdv2AM,2020-10-22 23:29:54 UTC
j9E3MlnHjOQ,2020-10-20 02:05:31 UTC
D8NiOA78GwI,2020-10-18 04:00:28 UTC
4NBI6nrGI1w,2020-10-16 04:27:20 UTC
C24hUt18RWY,2020-10-16 01:06:25 UTC
wycjnCCgUes,2020-10-16 01:02:01 UTC
GJkuTx1DQzg,2020-10-15 02:35:30 UTC
eb64jGwa00s,2020-10-15 02:04:07 UTC
9KtFn1hCzNg,2020-10-15 01:20:13 UTC
65JrtwtTOdc,2020-10-14 04:43:13 UTC
4RaR210hglo,2020-10-14 00:36:47 UTC
RVkNsI0o4_I,2020-10-14 00:33:46 UTC
Q-ynG3Mszzw,2020-10-14 00:30:42 UTC
EkOigpZIyBc,2020-10-07 00:02:57 UTC
Wsije1KetVw,2020-10-06 01:52:31 UTC
TfrovrNQ4hs,2020-10-05 04:26:37 UTC
W1Ac31wQqBM,2020-10-05 04:11:27 UTC
hQX-BtFp-Rc,2020-10-05 00:53:38 UTC
OFX57ShjawA,2020-10-04 17:55:01 UTC
GOd1CaAP1HU,2020-10-04 17:44:47 UTC
WqkUu3VMhF0,2020-10-04 05:57:43 UTC
509V3RSOwGA,2020-10-04 05:47:55 UTC
MtimAuhyP-M,2020-10-04 01:28:18 UTC
ChqM3zqTREQ,2020-10-02 04:50:18 UTC
zXikxicfbQ0,2020-10-02 04:39:07 UTC
faNkHukob9U,2020-10-02 01:13:59 UTC
AvcAovqG5Kk,2020-09-29 05:03:59 UTC
D1icldpDbhE,2020-09-28 06:42:37 UTC
jrK7CZos404,2020-09-28 06:20:25 UTC
B3zvzfAIsqc,2020-09-28 06:18:03 UTC
1QPRzjaq584,2020-09-27 04:58:01 UTC
gVYjlmB81Hc,2020-09-27 04:53:58 UTC
G68Q4lCM5pQ,2020-09-27 04:14:30 UTC
WFteI5ce_HI,2020-09-25 04:58:57 UTC
vCPuUn6URn4,2020-09-25 04:12:07 UTC
40KqC0E8p80,2020-09-25 04:06:16 UTC
rmWnbX7lBzU,2020-09-25 03:56:27 UTC
_AXx2XSI4Kw,2020-09-25 02:16:44 UTC
qq9rPEpOMCw,2020-09-24 17:09:14 UTC
QrR_gm6RqCo,2020-09-24 02:09:57 UTC
5_bVkbG1ZCo,2020-09-24 00:46:21 UTC
BHiWygziyso,2020-09-20 23:59:28 UTC
6amgO4dIotk,2020-09-20 22:02:42 UTC
_Y8BVC5-fuA,2020-09-20 17:47:52 UTC
5agaSOEvgVQ,2020-09-20 17:21:59 UTC
uygGV3Cwock,2020-09-20 01:56:23 UTC
L_XJ_s5IsQc,2020-09-20 00:37:01 UTC
uCQMoWPdgu4,2020-09-20 00:21:14 UTC
UzLg6aM3c7U,2020-09-16 03:12:58 UTC
g8PVuxzuoCA,2020-09-16 02:44:19 UTC
P1a_mlAnwxA,2020-09-16 02:15:05 UTC
o5pRMjhK7FM,2020-09-15 04:46:45 UTC
rBWbSU2vDvc,2020-09-15 04:37:11 UTC
Z1mqNKKJ12U,2020-09-15 04:25:13 UTC
pMOp_V-sD8g,2020-09-15 04:14:09 UTC
Z40SZ77CHK0,2020-09-15 03:56:30 UTC
FzcfZyEhOoI,2020-09-15 03:37:31 UTC
x4eHK6KWobA,2020-09-15 03:00:55 UTC
HapKeNfrNDY,2020-09-14 02:40:23 UTC
s9UhYYOttQw,2020-09-14 02:29:39 UTC
wXIwaiiDeHc,2020-09-12 02:58:37 UTC
F1HA7e3acSI,2020-09-11 03:45:02 UTC
lzjivAt3IXk,2020-09-10 04:07:49 UTC
L-0c5QTQ8Q0,2020-09-10 03:53:08 UTC
CcUk9c3MdsQ,2020-09-10 03:39:20 UTC
R2Eotw3IxN4,2020-09-10 02:40:42 UTC
2apQO-aE2HA,2020-09-09 05:39:35 UTC
Fh_UDQnboRw,2020-09-09 05:37:17 UTC
4YJvky1kLCU,2020-09-08 05:51:26 UTC
onOzLo1bmHE,2020-09-08 05:17:35 UTC
0zdhZjfzQ08,2020-09-08 03:03:05 UTC
Aq_rCkDacGg,2020-09-08 02:47:03 UTC
M9dBXnw9b8E,2020-09-08 02:32:17 UTC
cqidD7kVnxY,2020-09-07 06:57:30 UTC
nFsQZTMzdu8,2020-09-06 21:53:22 UTC
pYVLj2PDf8o,2020-09-06 19:44:00 UTC
M04xnKNChtI,2020-09-06 18:42:34 UTC
oYGquVt8byo,2020-09-06 18:22:42 UTC
13sMq55h9Ek,2020-09-06 05:47:26 UTC
Nj8mfDcuSi0,2020-09-06 05:39:49 UTC
uUIooXEqHcY,2020-09-06 05:16:10 UTC
yw6kT7jvlx0,2020-09-06 04:06:12 UTC
NW9Yq99FeTU,2020-09-05 19:39:55 UTC
GxvwyCb5mP0,2020-09-05 19:30:32 UTC
Rkve39YyNFE,2020-09-05 18:40:31 UTC
rB0wzy-xbwM,2020-09-04 04:39:55 UTC
F-WN9bqaJk8,2020-09-04 04:37:42 UTC
RCePXXWX7hw,2020-09-04 04:33:31 UTC
MewROa1EU_o,2020-09-04 04:30:25 UTC
gZUZUsWXbqA,2020-09-04 04:25:47 UTC
QwzvNAAqH3g,2020-09-04 01:27:35 UTC
iSutodqCZ74,2020-09-01 18:06:11 UTC
7jriu9WYR2U,2020-09-01 05:35:25 UTC
593fcLPv4lo,2020-09-01 05:02:45 UTC
z0X0gyANnKI,2020-09-01 03:34:08 UTC
RzDMWHbtRf8,2020-09-01 02:58:16 UTC
9xg_Wp76pY4,2020-09-01 02:48:22 UTC
Hg-e7nDVsRY,2020-09-01 02:32:45 UTC
OTPLp5u3iSU,2020-08-31 07:45:35 UTC
gVJ_yFVEO7g,2020-08-31 04:59:25 UTC
1ZbRYLeKCyk,2020-08-30 19:58:45 UTC
t34rVX-svBI,2020-08-30 19:41:07 UTC
kDXnPfA_5pY,2020-08-30 19:31:05 UTC
h9d7tzrhKBE,2020-08-30 19:15:37 UTC
TwO7rQD_uZU,2020-08-29 23:47:47 UTC
DVvmgjBL74w,2020-08-29 20:01:26 UTC
kNRIFhkYONc,2020-08-29 19:53:36 UTC
bUNECHCKWBc,2020-08-28 03:03:12 UTC
We2IsSD7UgY,2020-08-26 04:39:35 UTC
tAf-odIT9L0,2020-08-26 03:09:48 UTC
eBmVv2P-v2s,2020-08-25 03:49:58 UTC
od4ugnkeTyw,2020-08-24 17:34:42 UTC
rSPYEbDhAhM,2020-08-24 02:57:02 UTC
Tb0AokjhjTw,2020-08-23 06:57:20 UTC
JIFdMbhCa94,2020-08-23 06:25:24 UTC
90oi5IzPUWs,2020-08-22 18:24:38 UTC
r-9fiNDU-Iw,2020-08-22 02:10:31 UTC
pTt04A_Gph4,2020-08-22 02:06:53 UTC
bmZG0t7sQKc,2020-08-21 05:04:32 UTC
yKGddvmU0fA,2020-08-21 04:37:51 UTC
ctgUKeDqUlM,2020-08-21 03:12:35 UTC
PE0u7-SX2hs,2020-08-19 06:24:31 UTC
tIoJhqnOc0M,2020-08-19 05:40:27 UTC
D5-z-P4Agik,2020-08-19 04:00:07 UTC
K3R9R72QbiU,2020-08-18 06:37:22 UTC
vQbzi0vYSRs,2020-08-18 04:30:08 UTC
JlL6ZHChhQE,2020-08-17 01:55:30 UTC
NkE0AMGzpJY,2020-08-15 22:26:03 UTC
95uORoTEnjA,2020-08-15 20:45:22 UTC
h4SSF1rxy9A,2020-08-15 06:56:39 UTC
Q4VGQPk2Dl8,2020-08-15 05:07:21 UTC
WG8y2KBH0xY,2020-08-15 05:01:08 UTC
ps5oudvmCpk,2020-08-14 07:31:37 UTC
4ORbpY6d9Zk,2020-08-14 04:07:48 UTC
aEfd7fO7e8I,2020-08-14 03:10:16 UTC
QPkukoTGlqA,2020-08-13 01:20:42 UTC
2fHCOHPtGv0,2020-08-12 19:53:11 UTC
O6bxGb0VrYY,2020-08-11 02:15:00 UTC
qiw0sCNP8ck,2020-08-10 03:23:06 UTC
snaW34FkxF0,2020-08-09 23:29:15 UTC
TDJ_6GPpFQU,2020-08-09 18:16:25 UTC
bPv1VevCCSc,2020-08-09 18:09:25 UTC
FtzyB_vLx7g,2020-08-09 07:02:57 UTC
EJqN1s6CxUM,2020-08-08 01:37:45 UTC
4LMwKwcMdIg,2020-08-01 19:28:39 UTC
DJiGuFCzaFo,2020-07-25 20:46:00 UTC
WynKczD5wzk,2020-07-20 03:01:04 UTC
0wsG-rGzOv8,2020-07-19 08:09:11 UTC
7zBrbdU_y0s,2020-07-19 04:33:04 UTC
8evblT3sfxw,2020-07-17 04:35:41 UTC
u-qrsPklNEk,2020-07-16 02:57:35 UTC
e7A92CUxKIg,2020-07-14 22:32:31 UTC
yIWZHvCwuoA,2020-07-13 03:42:52 UTC
CBPTcUxIISQ,2020-07-13 03:10:01 UTC
QEx52_xneTI,2020-07-13 01:23:53 UTC
HBn93HSWVsw,2020-07-10 05:39:15 UTC
M5FGuBatbTg,2020-07-10 03:20:01 UTC
JjUnZZB_JUE,2020-07-10 01:26:58 UTC
SW3302yQkp4,2020-07-10 01:08:49 UTC
J2U9Hmmpqhc,2020-07-09 13:00:30 UTC
tAHwjJzstIk,2020-07-07 02:58:53 UTC
SF3x3aEtjLo,2020-07-07 02:29:39 UTC
4t53Y8eBfzI,2020-07-07 01:05:56 UTC
NX2ep5fCJZ8,2020-07-06 23:47:55 UTC
nDGH6YrTTBE,2020-07-04 20:51:33 UTC
iKO8lhQQm6I,2020-07-01 14:28:56 UTC
YgKNIivPYHs,2020-06-30 19:50:56 UTC
HLWgVpmo1e0,2020-06-30 15:40:53 UTC
0AegLCRZZvU,2020-06-28 23:57:01 UTC
nkcKdfL7G3A,2020-06-27 15:53:21 UTC
tPPu0EQ0k-8,2020-06-27 15:16:22 UTC
x8Icoh_8Pu8,2020-06-26 02:10:56 UTC
5oAXDDOHrYw,2020-06-26 02:08:14 UTC
1wT9OZkuryU,2020-06-25 05:41:55 UTC
l1k5jpEEmy8,2020-06-25 03:20:33 UTC
E7DEd405X9U,2020-06-23 04:54:59 UTC
A73HQwEct-o,2020-06-22 02:40:04 UTC
SYc6QmaGnYc,2020-06-21 17:14:18 UTC
mq10ZvZgxy4,2020-06-20 22:18:51 UTC
8Fz3kDBf1Ms,2020-06-20 21:35:14 UTC
trhTbEs2GGE,2020-06-20 18:03:38 UTC
guMqXKprXWQ,2020-06-19 18:06:10 UTC
cgcdiTUsUs0,2020-06-19 17:33:28 UTC
F5ZiMC2setY,2020-06-19 17:30:47 UTC
JsJCPuWqOtQ,2020-06-19 17:18:18 UTC
GnDcD7rtaV4,2020-06-19 17:07:29 UTC
OTU_VCS5mtc,2020-06-18 05:04:28 UTC
QS6LxBDXLXI,2020-06-18 04:13:37 UTC
Pd2S7Blqwoc,2020-06-16 20:28:33 UTC
hrbielT80bE,2020-06-14 19:22:40 UTC
9FX7orppiu8,2020-06-14 18:19:38 UTC
8Gh76yHTcxs,2020-06-14 00:36:57 UTC
FwMnfNMMJWI,2020-06-13 18:30:55 UTC
HdCed3Fbeys,2020-06-13 17:38:53 UTC
LZmtl3l1R9A,2020-06-13 17:34:54 UTC
Jwx2DLEiA5k,2020-06-13 17:29:49 UTC
VKF5LCHZREg,2020-06-13 17:25:28 UTC
6gNlLkCQPSc,2020-06-11 22:00:02 UTC
b-G33DtsYg8,2020-06-11 21:48:03 UTC
ADR4-sIXoPE,2020-06-11 21:26:09 UTC
omab6QAwBCA,2020-06-11 21:16:59 UTC
3vBwRfQbXkg,2020-06-11 21:13:58 UTC
k0PSUDvLi8E,2020-06-11 14:56:14 UTC
bQdUJ6DshVM,2020-06-11 02:16:08 UTC
AXUI6d8hZwA,2020-06-11 00:22:07 UTC
FSd7HzLMJz4,2020-06-10 18:56:20 UTC
XTAJBZv-rCA,2020-06-10 03:32:44 UTC
O8G46NxgCp8,2020-06-08 00:14:21 UTC
g-GvoR03EEM,2020-06-07 23:36:57 UTC
Ay1pNMKjhyw,2020-06-07 15:56:35 UTC
QqeRzz3HSv8,2020-06-03 03:14:01 UTC
wsGg1zOqrCY,2020-06-03 00:47:39 UTC
MRJ3WfVe31U,2020-06-02 20:41:18 UTC
l1Tp5fFdLIk,2020-06-02 08:18:34 UTC
lrbEsIdNgik,2020-06-02 04:42:04 UTC
GcmmoFf22b4,2020-05-30 22:07:04 UTC
skkUo8Lgiu0,2020-05-30 04:31:18 UTC
hFZFjoX2cGg,2020-05-30 03:00:28 UTC
i_IkVLUFFqU,2020-05-30 02:28:58 UTC
K8DaX0FFthc,2020-05-30 01:26:57 UTC
BRzFjuranQU,2020-05-30 00:09:45 UTC
qHJQeadTKdI,2020-05-29 19:34:58 UTC
F0ovkVJuETc,2020-05-29 18:52:05 UTC
21wp9dYH6xw,2020-05-20 18:41:13 UTC
VMVeZIAqcsA,2020-05-20 04:21:42 UTC
4CNcKivLICY,2020-05-20 00:39:33 UTC
IuDY8m72tgk,2020-05-19 16:54:49 UTC
cNrqw0edPY8,2020-05-19 03:21:19 UTC
6avJHaC3C2U,2020-05-19 01:31:21 UTC
mLJVvjqMjbo,2020-05-18 23:48:44 UTC
iZ4YPdu0RLo,2020-05-18 17:57:22 UTC
Zt8wH_yD8AY,2020-05-18 17:48:39 UTC
5DLBFmLaiIM,2020-05-16 20:10:30 UTC
s0QOXOeB6PQ,2020-05-16 19:57:46 UTC
xWUplunwGgc,2020-05-16 16:18:41 UTC
PsotfzGpby8,2020-05-16 02:42:39 UTC
hWFDHynfl1E,2020-05-16 02:00:27 UTC
giV6g7mSDrc,2020-05-15 21:51:20 UTC
fomVYLgd7NI,2020-05-15 21:18:16 UTC
EFtbwP4UuFM,2020-05-15 18:54:52 UTC
vLTKLapmM0Q,2020-05-15 18:24:23 UTC
UagLLrauOJ4,2020-05-13 17:16:17 UTC
wJWksPWDKOc,2020-05-13 05:06:12 UTC
32w1xnOqSPo,2020-05-13 04:40:53 UTC
4Vp_9E8G4BQ,2020-05-13 03:35:59 UTC
eVgFzmC2lAI,2020-05-12 23:28:30 UTC
75umhtbJXNc,2020-05-12 23:08:46 UTC
jaauGBt71OI,2020-05-12 16:41:25 UTC
8sZXWgS-2nI,2020-05-12 16:37:33 UTC
7doZ-r7rbmw,2020-05-12 16:30:23 UTC
OqlfWDyS1Io,2020-05-11 02:22:23 UTC
uEuPi5vvS7Q,2020-05-11 02:12:23 UTC
kff7GsbagQo,2020-05-11 02:00:08 UTC
LdMltDavSMc,2020-05-10 01:05:35 UTC
GCp2gZ-BMIw,2020-05-09 20:23:53 UTC
vxOffM_tVHI,2020-05-09 05:56:34 UTC
FDoH15ylAeo,2020-05-08 01:34:43 UTC
_o7qjN3KF8U,2020-05-08 01:30:04 UTC
y8OnoxKotPQ,2020-05-08 01:28:09 UTC
q3Ap1-UkPLU,2020-05-07 00:47:59 UTC
KuBFLedYGys,2020-05-07 00:10:17 UTC
9GFnOtC-y_U,2020-05-06 23:45:06 UTC
2LiDZFHsBzY,2020-05-06 23:37:59 UTC
zI02d7B8Chk,2020-05-06 23:24:01 UTC
rU64s0_38AE,2020-05-06 03:19:13 UTC
6TfLVL5GeE4,2020-05-05 20:57:39 UTC
QpEZFp_IZJs,2020-05-05 20:45:16 UTC
pqrUD8hPRJ8,2020-05-05 00:05:52 UTC
XBTOqyUtX-0,2020-05-04 00:37:27 UTC
DQaqsZ2tVPU,2020-05-02 19:49:52 UTC
le71yVPh4uk,2020-05-01 03:08:58 UTC
3KC32Vymo0Q,2020-05-01 02:09:55 UTC
hA3N_T2-6YQ,2020-04-30 03:42:21 UTC
_9MNG571sqc,2020-04-28 01:38:56 UTC
Ms7capx4Cb8,2020-04-27 22:48:00 UTC
EEje1UsVYw4,2020-04-27 04:25:00 UTC
amu5LJaDUPY,2020-04-26 04:57:59 UTC
vify0k2sHlQ,2020-04-26 04:47:42 UTC
YLb4enCgnP4,2020-04-26 04:33:20 UTC
S6oNxckjEiE,2020-04-26 04:12:58 UTC
nO-tljwT3tc,2020-04-25 23:51:10 UTC
pM3WQeo_ohw,2020-04-22 22:39:50 UTC
YR-HD3RA-AE,2020-04-22 00:48:16 UTC
2UArYA8u5mI,2020-04-21 20:31:43 UTC
vVnDE8wSrVo,2020-04-21 03:50:43 UTC
SJw-JV2A1Bs,2020-04-20 02:53:52 UTC
nZu9KbxGEsA,2020-04-20 02:53:23 UTC
daL7TkzyW7k,2020-04-18 14:56:06 UTC
52kFl9A9SVY,2020-04-17 21:24:03 UTC
VK9sf0iIbDg,2020-04-16 14:41:09 UTC
1stFeRlvicI,2020-04-13 16:13:27 UTC
0KmUoTfGa34,2020-04-13 15:55:21 UTC
koOAOFbRp5k,2020-04-12 03:26:34 UTC
GtHuQItYspI,2020-04-11 17:31:09 UTC
6YRSu0z7EwI,2020-04-10 13:37:53 UTC
jfwnEUK4vgw,2020-04-09 00:29:20 UTC
Htacla7niKI,2020-04-02 18:21:21 UTC
rfh6VVOpfzE,2020-04-02 03:20:56 UTC
6ARrgHAkfRg,2020-04-02 00:34:09 UTC
Vd4af7bqcXQ,2020-03-31 21:12:48 UTC
9k4tudtX36M,2020-03-30 18:51:17 UTC
IXKKS-zQrmY,2020-03-30 04:19:52 UTC
bVG2OQp6jEQ,2020-03-30 01:40:49 UTC
MSwVVqXYlQo,2020-03-30 01:05:39 UTC
H7hTcyWnSpM,2020-03-29 23:07:53 UTC
DvrkHAWj1Sk,2020-03-29 18:25:16 UTC
HvaLndDQfM0,2020-03-29 17:12:41 UTC
eBPsWni-3Fs,2020-03-24 20:24:07 UTC
B8yJeNa-bPU,2020-03-24 19:54:33 UTC
AGMFs5iVRts,2020-03-23 20:52:25 UTC
QGVCnjXmrNg,2020-03-23 20:25:59 UTC
TqjwSNRDrO8,2020-03-23 02:15:01 UTC
wM5NHC97JBw,2020-03-23 01:51:22 UTC
1CLa0UJCn3w,2020-03-22 16:27:17 UTC
w0P0FQ770dE,2020-03-18 19:44:31 UTC
09_QxCcBEyU,2020-03-18 15:46:25 UTC
YSL6EC1w-Qs,2020-03-18 06:22:23 UTC
3-0NhW_JIdk,2020-03-18 03:48:17 UTC
gzoFEyjyMoQ,2020-03-18 01:24:33 UTC
jvDDPpxa-Vk,2020-03-18 00:03:51 UTC
C1sbp5oyVh4,2020-03-17 00:32:01 UTC
ijcAwrWMi0g,2020-03-17 00:11:51 UTC
4OmMpYa7R_U,2020-03-16 04:28:33 UTC
kmCDd7goWtE,2020-03-16 03:33:36 UTC
8qSTHPABoHc,2020-03-15 17:50:10 UTC
uIaY0l5qV0c,2020-03-15 17:45:08 UTC
USGe8sd_m0Y,2020-03-14 16:26:22 UTC
4eqEc-qV89s,2020-03-14 04:09:59 UTC
xOsLIiBStEs,2020-03-14 03:41:36 UTC
6AkClqxcLcg,2020-03-13 02:05:28 UTC
szUX0013auo,2020-03-13 01:36:42 UTC
SeX0Gd8zyLY,2020-03-11 01:17:37 UTC
Kas0tIxDvrg,2020-03-10 03:47:45 UTC
8UzYhyodvfs,2020-03-07 17:15:43 UTC
OFi_O35zbeI,2020-03-07 08:42:35 UTC
o_3u41KI57E,2020-03-07 07:54:18 UTC
sOMLVlqzw_4,2020-03-07 04:37:36 UTC
X3paOmcrTjQ,2020-03-02 18:12:34 UTC
cNJYWHhXM58,2020-03-02 00:43:30 UTC
n5xvPUobfDA,2020-02-29 22:04:58 UTC
uHt01D6rOLI,2020-02-29 20:21:54 UTC
PP75yybAuzk,2020-02-28 02:21:49 UTC
z4DlFEpvYgM,2020-02-28 02:10:08 UTC
cGQ7LSAQwo4,2020-02-22 01:58:17 UTC
6pAgV-sH49o,2020-02-21 03:09:27 UTC
seaJcY0kXjk,2020-02-16 16:01:25 UTC
OyZVrMCPIV8,2020-02-16 15:29:20 UTC
ZIxaGgTY8UM,2020-02-16 02:43:53 UTC
lfMJLmmDBx4,2020-02-10 03:49:08 UTC
pVuz-EmKP4M,2020-02-09 19:15:23 UTC
rl3WaiiF2T0,2020-01-29 22:09:08 UTC
gvckSCOxjVs,2020-01-28 02:36:07 UTC
SPuRxF6P5Hk,2020-01-28 02:13:48 UTC
b_gG8_z9wVo,2020-01-28 01:51:08 UTC
a_J1ORdcUPg,2020-01-27 04:38:38 UTC
2Ze22BNftAA,2020-01-24 04:58:51 UTC
vI9b44fCc0o,2020-01-24 04:32:34 UTC
PHdo1qWNWI4,2020-01-24 02:41:11 UTC
ySEHPRgT2fc,2020-01-23 00:06:29 UTC
MIGxpQ0AJcY,2020-01-20 01:27:26 UTC
drFXq0SsWWk,2020-01-19 17:32:33 UTC
SzydyjJcZo4,2020-01-19 03:18:52 UTC
pGBnJxFwiVs,2020-01-19 02:30:20 UTC
fMwFIGvPkjE,2020-01-17 09:58:11 UTC
XQe8kXsEBmI,2020-01-17 06:20:17 UTC
TjioVaqoyU0,2020-01-16 02:03:08 UTC
5GF9qRN3ZJs,2020-01-14 04:19:27 UTC
LjIAzKo62MQ,2020-01-14 04:10:34 UTC
1T8V0XBzA24,2020-01-14 03:42:03 UTC
qhNnNTLV_8U,2020-01-14 02:39:18 UTC
JdAKO3b8oLc,2020-01-14 02:33:11 UTC
MBAJP-3ebDA,2020-01-13 01:50:06 UTC
jLRw-Ahq22k,2020-01-13 01:33:45 UTC
VF-r5TtlT9w,2020-01-11 11:09:17 UTC
Vkoc0ltIBF4,2020-01-10 03:12:42 UTC
YpqXNgvfa4k,2020-01-08 03:43:20 UTC
Z6F-jyrSBgg,2020-01-08 03:24:13 UTC
4unDD4OUUNQ,2020-01-04 23:13:30 UTC
vdGiqRjTd34,2020-01-04 22:49:29 UTC
H0_-an5hio8,2020-01-04 16:34:23 UTC
lyu7v7nWzfo,2020-01-04 02:36:31 UTC
nhtzpNDEtdQ,2020-01-03 17:15:05 UTC
KEMzjugLBjI,2020-01-02 01:30:21 UTC
7PXLPzcIydw,2020-01-02 01:23:00 UTC
cJic9adBquY,2020-01-01 22:29:41 UTC
mB1nAzriqRQ,2020-01-01 15:02:14 UTC
UqU19dR0bFE,2019-12-30 05:19:24 UTC
ZIl3k9C7HGo,2019-12-30 05:06:22 UTC
eOUWgtbIhgE,2019-12-30 04:42:25 UTC
xvzZ56ZbWy8,2019-12-30 04:28:26 UTC
O6e8iTxKNlE,2019-12-30 03:47:03 UTC
_yg9OlCJUn4,2019-12-30 02:59:31 UTC
2lAe1cqCOXo,2019-12-30 02:32:33 UTC
2wRtPQS7jaU,2019-12-30 02:10:40 UTC
xdHx1YEsWwk,2019-12-30 01:46:44 UTC
XbGj4D-ATH8,2019-12-29 23:57:25 UTC
N1eLu4V1aJ0,2019-12-29 23:47:15 UTC
nmDqZ_K13i4,2019-12-29 23:40:04 UTC
2DIl3Hfh9tY,2019-12-29 21:45:45 UTC
vnvM_YAwX4I,2019-12-29 19:48:28 UTC
qmL4CeTENtw,2019-12-29 19:21:12 UTC
yNEruEsb5T4,2019-12-29 16:47:19 UTC
ZIMoxXO0XvM,2019-12-29 16:28:37 UTC
AQL6qcGqQ0Y,2019-12-29 03:03:58 UTC
Bw9zSMsKcwk,2019-12-28 06:49:24 UTC
a_N9ViJubwM,2019-12-28 06:30:35 UTC
qgeVUJ3oDFE,2019-12-27 03:55:57 UTC
wKN8wBl4X1M,2019-12-26 03:02:13 UTC
6l0fuCoiojg,2019-12-24 03:11:25 UTC
f0DrPLKf6Ro,2019-12-20 01:03:09 UTC
V9M3VBqEbek,2019-12-19 00:43:00 UTC
Hb_4oQ0fXlw,2019-12-19 00:38:47 UTC
Pd-4dKaK_04,2019-12-18 05:39:21 UTC
SDkAGkd4NLc,2019-12-17 04:53:15 UTC
g7Zyj2P6sig,2019-12-17 02:20:47 UTC
qszsMyrChnE,2019-12-16 02:20:38 UTC
GLVSRhmy-5M,2019-12-15 19:34:01 UTC
P0BBdlty84g,2019-12-15 17:54:21 UTC
vRPbkeWVsJQ,2019-12-15 16:38:48 UTC
FfIgIaNXWcc,2019-12-14 04:33:36 UTC
PgYO3VB6ubo,2019-12-12 05:42:58 UTC
sT_2BozKRhs,2019-12-10 11:08:36 UTC
GnEWOYKgI4o,2019-12-10 11:00:52 UTC
Ft1waA3p2_w,2019-12-10 04:50:25 UTC
UnpYM0hfCZM,2019-12-09 03:49:41 UTC
XsffIJNkJHM,2019-12-09 03:46:07 UTC
b2XM7ZCtk4Y,2019-12-09 03:21:18 UTC
WYOORv2H_uI,2019-12-09 02:38:20 UTC
f5RhqDxCtMw,2019-12-09 02:30:26 UTC
 -C11Q3RI3Aw,2019-12-09 02:07:14 UTC
Utjoe-MWlZU,2019-12-09 01:54:59 UTC
WPPPFqsECz0,2019-12-09 01:08:29 UTC
bl5J-229AOg,2019-12-08 04:13:37 UTC
2At8kzrwdNc,2019-12-08 03:35:34 UTC
7FZZ4yfUkFY,2019-12-08 03:10:00 UTC
ZAlrKsMf9C4,2019-12-07 19:36:36 UTC
H1LzVN8nqg0,2019-12-07 15:25:59 UTC
PtwEdvZzfVc,2019-12-06 19:44:55 UTC
4SxxogtMiQU,2019-12-06 15:51:43 UTC
Oc-BHVinURg,2019-12-05 01:51:12 UTC
fB7nyxXaczY,2019-12-04 03:11:09 UTC
zm0zybSqSvM,2019-12-03 23:03:22 UTC
4Z6lxfglvUU,2019-12-02 21:18:25 UTC
5gIX1Oq7yvk,2019-12-02 21:15:18 UTC
IMdHtx5vZJo,2019-12-02 04:54:03 UTC
wTblbYqQQag,2019-12-02 04:15:47 UTC
P779XJEq6vg,2019-12-02 03:34:46 UTC
Vz-K760pUIQ,2019-12-02 03:20:14 UTC
aC321k61dcc,2019-12-01 19:03:03 UTC
YFzeCv_WFnY,2019-12-01 17:05:21 UTC
aLg4AV60uWY,2019-12-01 17:01:51 UTC
AOjJ4w9USDE,2019-12-01 16:30:46 UTC
PDF-FRIrY6Y,2019-11-30 03:00:48 UTC
zRjPMdox87A,2019-11-24 04:01:47 UTC
cypaqwNxXgE,2019-11-21 08:03:02 UTC
y-QFiqwcmwc,2019-10-28 16:27:46 UTC
FLLiFl1m9I4,2019-10-01 19:25:17 UTC
HL855i_d1JY,2019-10-01 00:31:57 UTC
kopoLzvh5jY,2019-10-01 00:08:20 UTC
F2btwUXNXh0,2019-09-30 23:33:34 UTC
2bRqTm3hXlM,2019-09-25 16:38:11 UTC
We7KevygSAQ,2019-09-25 16:12:02 UTC
2OHbjep_WjQ,2019-09-24 15:18:33 UTC
Fdf5aTYRW0E,2019-09-23 18:37:52 UTC
p7-U1_E_j3w,2019-09-20 16:15:58 UTC
QDFI19lj4OM,2019-09-19 19:26:46 UTC
mf2-MOl0VXY,2019-09-19 19:21:00 UTC
pt3uB0sd5kY,2019-09-18 18:32:53 UTC
c0efB_CKOYo,2019-09-18 18:13:01 UTC
lDTKnzrX6qU,2019-09-14 03:27:34 UTC
zcEl4_XP4fs,2019-09-14 03:14:48 UTC
txyINNJU6Qc,2019-09-11 22:46:47 UTC
sLtki8Ezz7c,2019-09-11 03:47:00 UTC
icu8hwo4mZY,2019-09-07 05:26:06 UTC
u5643U3qS8g,2019-09-07 01:29:55 UTC
RZdSOVolKso,2019-09-04 06:18:11 UTC
xiiHjrewXNI,2019-09-04 03:43:08 UTC
WByBm2SwKk8,2019-09-04 02:49:10 UTC
chk2rRjSn5o,2019-09-03 18:31:46 UTC
ISroTilkF5I,2019-09-03 05:49:24 UTC
Lhaxfnc9CWo,2019-09-02 18:53:51 UTC
hT3j87FMR6M,2019-09-02 18:16:50 UTC
stz12TB72XI,2019-09-01 19:18:08 UTC
h6fcK_fRYaI,2019-09-01 19:07:45 UTC
guz7hc8RlfI,2019-08-31 18:02:35 UTC
C7R5dTrG2xU,2019-08-31 14:55:33 UTC
1Ho-GN_kK4A,2019-08-30 23:33:26 UTC
rtuKId76DZI,2019-08-30 01:11:43 UTC
Kou7ur5xt_4,2019-08-30 00:45:46 UTC
g_yiQBe8yiQ,2019-08-29 09:36:02 UTC
DjI-0snxBrU,2019-08-29 08:55:56 UTC
TABQXSmW8zQ,2019-08-29 08:41:05 UTC
paUab_cwLI0,2019-08-29 04:48:34 UTC
1BRPRKvO9sM,2019-08-29 04:33:48 UTC
fnh5ImJCfos,2019-08-28 03:46:49 UTC
YVxaK8WQhJo,2019-08-25 18:33:02 UTC
677ZtSMr4-4,2019-08-25 07:25:06 UTC
waGzVes6PWY,2019-08-25 05:08:28 UTC
mKZCa_ejbfg,2019-08-24 23:03:38 UTC
LDKxpZfsN6Y,2019-08-24 20:15:32 UTC
7PIMiDcwNvc,2019-08-24 19:33:28 UTC
nM9f0W2KD5s,2019-08-24 16:04:04 UTC
4a51wQAOGR4,2019-08-24 06:15:52 UTC
h10kXgTdhNU,2019-08-24 03:10:42 UTC
ecIWPzGEbFc,2019-08-24 01:32:57 UTC
__-2t_AE5j0,2019-08-22 05:35:23 UTC
VVw2RMun-ss,2019-08-22 04:57:44 UTC
g_6_kGDdjwI,2019-08-22 04:01:27 UTC
6oDJieXdvMk,2019-08-22 03:47:29 UTC
oLzgquOSE3E,2019-08-22 02:24:07 UTC
L8aRN2HgW7U,2019-08-21 02:20:46 UTC
W34SafxJy5g,2019-08-20 04:37:48 UTC
s4mGOrbEKbs,2019-08-20 02:52:04 UTC
qHrN5Mf5sgo,2019-08-19 01:33:29 UTC
EBIsZlV1jHk,2019-08-18 23:51:49 UTC
Z6xWZWy1oB0,2019-08-18 23:30:00 UTC
4rBfMwCAcFc,2019-08-18 21:16:53 UTC
TNqWHVR04hY,2019-08-18 17:33:53 UTC
qJT2h5uGAC0,2019-08-18 02:10:05 UTC
ne6tB2KiZuk,2019-08-17 23:32:40 UTC
pjshaAi9l0s,2019-08-16 03:21:41 UTC
PhMqPoCQ5Q8,2019-08-14 02:58:50 UTC
z8SgCwrci5I,2019-08-13 18:55:23 UTC
S8EpdquI6PA,2019-08-12 02:36:38 UTC
FlME5z9tmLM,2019-08-12 01:35:23 UTC
wySYdhClg2c,2019-08-09 21:57:59 UTC
lj7kFBz-jw4,2019-08-09 21:49:26 UTC
CE9A5djs4eU,2019-08-09 21:20:46 UTC
zS8Yk_PNcOg,2019-08-09 14:00:23 UTC
ef69BUlge-A,2019-08-09 04:13:15 UTC
2oksetv3i90,2019-08-09 03:50:31 UTC
JtUIQz_EkUw,2019-08-08 19:29:03 UTC
_Q0tRI5hMnc,2019-08-08 19:02:30 UTC
9FgrIP2kfaQ,2019-08-07 23:11:11 UTC
a9_HPYlhCug,2019-08-07 20:40:27 UTC
5wtnKulcquA,2019-08-07 17:15:11 UTC
fa5p19APgd8,2019-08-03 03:29:27 UTC
dWmoFC5iMgg,2019-08-03 03:25:15 UTC
9T4NN96iYSU,2019-08-03 02:48:14 UTC
QBjKntYuUIk,2019-08-03 02:31:37 UTC
1-A1aS8x4lo,2019-08-03 02:17:44 UTC
HfwPL-bd_mk,2019-08-03 01:37:48 UTC
wxxhuzjT9aM,2019-08-03 00:19:03 UTC
h5u8YWCRfVM,2019-08-02 23:43:34 UTC
NQGUify6ZvA,2019-08-02 03:43:27 UTC
ObQ3PeTtpMM,2019-08-02 03:06:49 UTC
5cK6GML-SeA,2019-08-02 01:33:13 UTC
FLQbQidC-Ks,2019-07-29 04:12:36 UTC
geGziPUQD2U,2019-07-29 03:54:57 UTC
rh6WTAHKYTc,2019-07-29 03:46:25 UTC
ugRc5jx80yg,2019-07-28 22:58:50 UTC
nU2iUjqzoBY,2019-07-28 02:51:05 UTC
IFe9wiDfb0E,2019-07-27 07:20:48 UTC
kPGa_FuGPIc,2019-07-26 23:36:42 UTC
ZqWfVi93E5g,2019-07-26 18:54:18 UTC
JWATsFsbXgg,2019-07-26 18:12:29 UTC
hTHPjw6N4Hg,2019-07-25 02:40:37 UTC
hOvxchH9uQc,2019-07-25 01:57:08 UTC
Pf1xm5DXLjs,2019-07-24 03:58:54 UTC
ZEcniHAC9ys,2019-07-24 03:08:30 UTC
47ElVv3RG2M,2019-07-22 06:02:54 UTC
AVjRuM7Rong,2019-07-22 06:00:36 UTC
NUMa0QkPzns,2019-07-22 04:34:16 UTC
dqshv2HiKgQ,2019-07-21 02:14:24 UTC
ycPr5-27vSI,2019-07-20 23:56:11 UTC
Xv6ALK2aEGA,2019-07-20 23:00:58 UTC
kie4wjB1MCw,2019-07-19 03:09:29 UTC
3VCxkMvKUnA,2019-07-19 02:41:37 UTC
Hr1a4__W6kI,2019-07-13 06:09:48 UTC
eU9mgMtsb54,2019-07-11 01:08:30 UTC
4T5Gnrmzjak,2019-07-10 04:35:46 UTC
broQmxQAMjM,2019-07-10 04:15:08 UTC
u-RLu_8kwA0,2019-07-10 03:58:24 UTC
JUKUg63EExI,2019-07-10 02:55:44 UTC
8GIbOJtUw8w,2019-07-10 02:43:40 UTC
Ucp0TTmvqOE,2019-07-09 04:24:11 UTC
35EQXmHKZYs,2019-07-08 19:47:45 UTC
t6e6U50FIcQ,2019-07-08 05:42:20 UTC
NyOvFSP_IpQ,2019-07-08 05:40:03 UTC
89A4jGvaaKk,2019-07-08 04:34:00 UTC
m-zxHw2AiY0,2019-07-08 04:04:20 UTC
g2b-NbR48Jo,2019-07-08 01:04:41 UTC
x_-Tx6OFYLg,2019-07-08 00:18:06 UTC
2UFr7aI43zg,2019-07-05 04:20:13 UTC
kx7x7aGmhxA,2019-07-05 03:22:04 UTC
i1ZEYgtwgyo,2019-07-05 03:12:57 UTC
XzspO4-T7t4,2019-07-05 03:07:24 UTC
Zt8ufm2ky54,2019-07-04 20:57:58 UTC
VcMedyfcpvQ,2019-07-04 20:18:31 UTC
E9207zZa8As,2019-07-04 20:14:05 UTC
xz5mV0Y1804,2019-07-04 20:01:50 UTC
fqGxXfg3sZY,2019-07-04 19:37:30 UTC
Sh37OPHj2Kc,2019-07-04 19:27:14 UTC
6qKQ72277VI,2019-07-03 04:24:20 UTC
xC-c7E5PK0Y,2019-07-02 05:37:52 UTC
l1N3jlgqcQ4,2019-07-02 04:07:06 UTC
ovlTUUyfzKg,2019-07-01 02:55:02 UTC
Iydpa_gPdes,2019-06-30 00:47:25 UTC
0f_kMAnsFCg,2019-06-29 23:12:44 UTC
t-BHDpP5opA,2019-06-29 23:04:44 UTC
J8YnKOs7Mhg,2019-06-29 22:43:08 UTC
Q-BpqyOT3a8,2019-06-29 03:35:29 UTC
LnXk9XZjXbg,2019-06-29 02:01:21 UTC
8ueiZf988qY,2019-06-29 01:37:13 UTC
1tRLveSyNz8,2019-06-23 17:02:52 UTC
YcbcfkLzgvs,2019-06-23 04:41:29 UTC
pTB0EiLXUC8,2019-06-23 04:28:04 UTC
rMLP-NEPgnM,2019-06-23 03:12:01 UTC
ggSyF1SVFr4,2019-06-22 23:29:05 UTC
UnTQVlqmDQ0,2019-06-22 17:30:24 UTC
f5OD9CKrZEw,2019-06-22 06:20:24 UTC
UtMkfAQhXwU,2019-06-18 00:29:27 UTC
j2_dJY_mIys,2019-05-25 06:24:55 UTC
cb_5_CCxMak,2019-05-21 04:20:53 UTC
iKCQ2Xvi9kw,2019-05-20 03:47:02 UTC
2D96_q9lgbI,2019-05-19 23:29:15 UTC
cdCeU8DJvPM,2019-05-13 02:04:49 UTC
SzJ46YA_RaA,2019-05-13 01:46:43 UTC
FVdQETvHBoE,2019-05-13 01:42:35 UTC
Xjo-8kGe2qw,2019-05-13 00:05:12 UTC
b_xFWAAlD84,2019-05-12 06:01:12 UTC
ZTBjbEOtS5g,2019-05-12 05:47:12 UTC
08L-OoKemNE,2019-05-12 05:37:14 UTC
9wN2RcAPhqA,2019-04-29 02:44:03 UTC
0ZGbIKd0XrM,2019-04-28 20:20:53 UTC
ZYlxZtgqt60,2019-04-26 14:08:26 UTC
iBt2aTjCNmI,2019-04-26 01:30:14 UTC
3lmCmbjRwFo,2019-04-25 06:09:06 UTC
M7CkdB5z9PY,2019-04-24 03:10:32 UTC
YiWbdZ8ItRs,2019-04-24 00:10:31 UTC
pvuN_WvF1to,2019-04-23 23:57:39 UTC
tlThdr3O5Qo,2019-04-23 06:38:03 UTC
Fmhdx_kRd-w,2019-04-22 03:15:08 UTC
KQGXcMpAx4E,2019-04-22 03:09:15 UTC
DPfHHls50-w,2019-04-21 23:52:26 UTC
KlWavVfu1iY,2019-04-21 18:46:04 UTC
d6c6uIyieoo,2019-04-19 04:49:06 UTC
xAyG0DEqXc4,2019-04-17 03:50:12 UTC
ISZCSikwSlI,2019-04-17 02:48:51 UTC
mvwBgAqrheo,2019-04-17 02:18:19 UTC
ulCdoCfw-bY,2019-04-14 17:37:01 UTC
Ra3fv8gl6NE,2019-04-14 04:06:11 UTC
dEv99vxKjVI,2019-04-14 03:50:56 UTC
HOXwDWCoqQg,2019-04-14 03:22:05 UTC
5rSBPGGLkW0,2019-04-11 03:04:26 UTC
 -W_VsLXmjJU,2019-04-11 02:16:15 UTC
3MtrUf81k6c,2019-04-11 02:06:55 UTC
GAgegNHVXxE,2019-04-11 02:04:48 UTC
G6eVVrTjNcY,2019-04-11 01:47:48 UTC
HTa-Ms-pWLE,2019-04-09 22:23:04 UTC
JuLCL3wCEAk,2019-04-09 21:02:49 UTC
pgKlSvoKw3U,2019-04-07 04:14:00 UTC
zKu1Y-LlfNQ,2019-04-06 23:07:53 UTC
82keIqP3EMI,2019-04-05 18:34:07 UTC
z9duLmY4Ivo,2019-04-05 17:14:25 UTC
u5KQQWlIgGc,2019-04-05 16:59:28 UTC
mU2b2kHeEec,2019-04-05 16:56:09 UTC
FZgJh6EIokc,2019-04-05 03:22:40 UTC
ELks9DXAZLU,2019-04-05 03:12:42 UTC
cPldOl8QLXA,2019-04-04 03:58:53 UTC
eJFfnTkyj-g,2019-04-04 03:56:11 UTC
8EiDiriAmfk,2019-04-04 03:53:18 UTC
58511Juc0_8,2019-04-04 03:45:41 UTC
EmGpsCGIjpU,2019-04-04 03:39:37 UTC
kWvs5H32Oyc,2019-04-04 03:33:16 UTC
b6AYn5QiPKs,2019-04-04 03:13:27 UTC
SonRJCCkJmY,2019-03-31 20:24:00 UTC
x2Y5-4kLb5I,2019-03-31 17:58:24 UTC
JyECrGp-Sw8,2019-03-31 17:17:19 UTC
U6m0agKATUU,2019-03-29 01:42:07 UTC
WGW_5fwTmZU,2019-03-29 01:38:49 UTC
hsFefdPhL3w,2019-03-27 23:56:55 UTC
b7ZIrhnGHO0,2019-03-26 04:15:39 UTC
IMoGdZLIRn8,2019-03-25 04:36:23 UTC
5TXi44PZsjE,2019-03-25 03:58:09 UTC
-9ke7jOWxZs,2019-03-25 03:15:16 UTC
1zQ3HrGSHfk,2019-03-25 02:14:28 UTC
icbWjSC1AzI,2019-03-25 02:09:58 UTC
67KK3Wbjd1E,2019-03-24 22:06:04 UTC
hgMtStkvyyw,2019-03-24 21:54:54 UTC
LstsevBHzRQ,2019-03-24 17:45:06 UTC
LeBiXBic3sE,2019-03-24 16:21:45 UTC
BuzeyFIYMSM,2019-03-24 04:48:35 UTC
lsSC2vx7zFQ,2019-03-24 04:44:30 UTC
Rm8BJ2lBT1U,2019-03-24 03:05:19 UTC
NZzXzymUgEg,2019-03-23 01:43:20 UTC
6Dh-RL__uN4,2019-03-23 01:41:53 UTC
yr3ngmRuGUc,2019-03-21 22:32:22 UTC
6i3G86ow1ts,2019-03-21 22:02:56 UTC
BeFnQrgtZ9k,2019-03-20 23:22:59 UTC
b2_KEk9wPwg,2019-03-20 21:35:23 UTC
X8gbl8VQVcQ,2019-03-20 20:44:02 UTC
CmGk2Eg8dFs,2019-03-18 17:58:13 UTC
nUQOYG13fVY,2019-03-18 16:35:04 UTC
H6u0VBqNBQ8,2019-03-17 14:11:43 UTC
CyiZUl0re3k,2019-03-16 02:45:45 UTC
x1AjtX3C5j8,2019-03-16 02:39:28 UTC
e-_ZowyXoS4,2019-03-15 01:55:23 UTC
le-peyBZjC0,2019-03-15 01:34:22 UTC
xKKochuzQ4Q,2019-03-13 02:33:01 UTC
5gwlUiVs7L8,2019-03-12 05:45:22 UTC
h0Y1Q8Zde4w,2019-03-11 01:52:07 UTC
pDIsEZsalAo,2019-03-11 01:41:37 UTC
Qu4ObKvpoEs,2019-03-09 01:50:28 UTC
_47BQTM6MeA,2019-03-07 00:47:19 UTC
1Z7xba0is94,2019-03-06 00:08:39 UTC
MsSBBPeNNDY,2019-03-05 23:49:01 UTC
Griajiw-xOg,2019-03-04 04:39:38 UTC
ltAk4ToydBg,2019-03-03 19:26:27 UTC
JtUAAXe_0VI,2019-03-03 19:05:07 UTC
W1-vnuqmok8,2019-03-03 18:09:27 UTC
CH_EJMfhc6o,2019-03-03 17:19:55 UTC
vSpBmMdvGrg,2019-03-03 17:15:31 UTC
5gsxNpU5wY0,2019-03-03 02:38:03 UTC
1g1drZ1j-C0,2019-03-02 23:31:46 UTC
x7emyY89o9Q,2019-03-02 18:36:51 UTC
vnMbZPYz2AY,2019-03-01 04:53:50 UTC
a5qbaxYhbL8,2019-03-01 04:22:24 UTC
QuysZvtpbeE,2019-03-01 03:05:12 UTC
UVgzCh-y1Yw,2019-03-01 02:43:15 UTC
s8BSnVDmZWo,2019-02-28 05:56:01 UTC
XQQUo2gmUs4,2019-02-27 03:15:14 UTC
_xdOuqokcm4,2019-02-27 01:57:11 UTC
xUnbo274c84,2019-02-24 04:19:30 UTC
yoP6NCGb3oM,2019-02-24 03:33:29 UTC
i1YgFZB6alI,2019-02-24 02:02:48 UTC
pVSz13lFhrE,2019-02-21 03:19:38 UTC
5wu8jcIfUbo,2019-02-18 02:41:55 UTC
ZMnLvwdSnzM,2019-02-18 02:20:59 UTC
fvM7AWxk1Ng,2019-02-17 18:31:45 UTC
WpoZiDt3haI,2019-02-17 18:27:05 UTC
NpJJCHj2N8A,2019-02-17 06:58:24 UTC
Rdrokt89hMs,2019-02-17 06:53:30 UTC
oCnCSOWgIUU,2019-02-17 06:37:43 UTC
4c-ywGdAiAo,2019-02-17 05:41:04 UTC
U7GJY-7hVkY,2019-02-17 05:09:28 UTC
jG7dSXcfVqE,2019-02-16 23:39:33 UTC
CttGNGjwp6A,2019-02-16 00:10:00 UTC
-4EDhdAHrOg,2019-02-15 23:15:38 UTC
1opHWsHr798,2019-02-15 03:22:50 UTC
ee925OTFBCA,2019-02-14 17:59:18 UTC
z3EQqjn-ELs,2019-02-14 02:15:15 UTC
X6yLIdBikmI,2019-02-14 01:53:31 UTC
KIuX9PyNFu0,2019-02-13 07:27:40 UTC
tOjJ2BhKCnw,2019-02-13 06:26:07 UTC
uUG1_OAr7Tw,2019-02-13 06:24:01 UTC
E7YzxcssQbc,2019-02-13 06:16:30 UTC
XiiamqyhX5w,2019-02-12 02:47:18 UTC
Ym6whrAw8wU,2019-02-11 06:51:57 UTC
AMI3iBP9lQo,2019-02-11 06:02:57 UTC
7mbe8ltJYAE,2019-02-11 02:20:55 UTC
4FQr4mk0loc,2019-02-11 02:00:30 UTC
sOEs38McXPQ,2019-02-11 01:04:43 UTC
FN9SOnx49pI,2019-02-10 19:07:51 UTC
mk9lVc9HDdM,2019-02-10 16:23:54 UTC
srb5WVAP8Tw,2019-02-10 01:15:28 UTC
hViOYZVMiWs,2019-02-09 18:17:06 UTC
5-qx5BCO3D4,2019-02-09 17:39:45 UTC
_JYCgrPS-lM,2019-02-09 04:46:04 UTC
p7wBda0GE4Q,2019-02-08 05:55:35 UTC
mBDfzQFhh1U,2019-02-08 05:32:41 UTC
Zxj3P0enJNQ,2019-02-08 04:36:46 UTC
HG4rkBqePwk,2019-02-07 06:39:07 UTC
ZG6cTBDfJ-4,2019-02-07 02:50:12 UTC
O4HmbEbCT2c,2019-02-06 04:36:39 UTC
5a3v7vCCUdM,2019-02-06 04:05:10 UTC
vNxs6Fw29Gc,2019-02-06 03:46:45 UTC
AOu11Xr1bn8,2019-02-06 03:43:47 UTC
Eu-TqfxpfgU,2019-02-03 18:03:00 UTC
uqKGREZs6-w,2019-02-03 17:33:43 UTC
jaXlbR90jrk,2019-02-03 03:02:14 UTC
q4TNsMwhUCM,2019-01-20 17:05:56 UTC
mwGKxf6Rmck,2019-01-08 13:44:36 UTC
oUoxlagDVlo,2019-01-05 05:46:36 UTC
RJDY6fDoSzo,2018-12-30 20:25:48 UTC
By_Cn5ixYLg,2018-12-29 07:20:30 UTC
7DinH-T5eGQ,2018-12-22 09:00:49 UTC
fzRrPJZ1u3g,2018-12-22 07:48:02 UTC
mSDp-30BUTM,2018-12-22 02:53:53 UTC
pP44EPBMb8A,2018-12-22 01:04:44 UTC
N7FVmeJXwCY,2018-12-22 00:18:07 UTC
xoxhDk-hwuo,2018-12-21 23:32:24 UTC
rk5XuqLrf3U,2018-12-21 22:54:55 UTC
d6b_aoRiJs4,2018-12-18 05:45:35 UTC
QBet_lgh4wc,2018-12-13 12:59:39 UTC
JttI6YpmPGI,2018-12-13 04:09:43 UTC
zGW7TRtcDeQ,2018-12-10 00:53:59 UTC
SU584-VRRJw,2018-12-10 00:43:54 UTC
CPIsRwf5Mmc,2018-12-08 00:56:59 UTC
buD2RM0xChM,2018-12-06 12:06:30 UTC
7g1pmHSWHe0,2018-12-06 05:18:17 UTC
YmT5e5J5Mx4,2018-12-06 04:23:44 UTC
xuCn8ux2gbs,2018-12-06 03:40:07 UTC
RL50VnZY1Kk,2018-12-06 03:24:05 UTC
5RuBbApjoRk,2018-12-06 02:58:33 UTC
Wt5SlONIRZ0,2018-12-06 02:56:44 UTC
qYvXk_bqlBk,2018-12-03 04:35:28 UTC
GEf6X-FueMo,2018-12-03 02:01:59 UTC
IraQSsJoTms,2018-12-02 13:44:15 UTC
Hx6UMyulsQs,2018-12-02 13:12:10 UTC
rBpaUICxEhk,2018-12-02 03:37:01 UTC
f4V_uaxBVOw,2018-12-02 02:58:46 UTC
UST4NsW9pKU,2018-12-01 21:15:05 UTC
3VULt1Ha6BE,2018-12-01 21:07:29 UTC
apNQDNKjWCI,2018-11-26 01:41:45 UTC
lHHpMn2UK6s,2018-11-22 06:23:43 UTC
gM_x5DKAfzk,2018-11-17 19:48:37 UTC
ysTGb27yCcc,2018-11-17 03:24:11 UTC
TpTxdYHLYLo,2018-11-17 03:20:08 UTC
KXsqyp08dTI,2018-11-17 02:14:50 UTC
iTTa9YcTe1k,2018-11-08 03:25:13 UTC
uMbUa0nfzk8,2018-11-04 16:42:47 UTC
YJ5q8Wrkbdw,2018-11-04 00:03:01 UTC
PWl6t4agmtw,2018-11-03 21:57:19 UTC
3kbdGHavGKg,2018-11-03 21:29:48 UTC
2hRtN_2Xisg,2018-10-24 02:08:03 UTC
h8wNUaBgZTk,2018-10-24 01:44:27 UTC
QWdkAV55bWs,2018-10-24 01:39:34 UTC
hrOR9mYk0Vs,2018-10-23 02:33:05 UTC
6lE-fwZCRHY,2018-10-17 00:45:58 UTC
mqOEzEPZ8iw,2018-10-16 23:37:51 UTC
ehqeCdkEV5k,2018-10-14 14:36:42 UTC
CUVxqQfiuXk,2018-10-08 02:12:41 UTC
QgwmL4kZ7_4,2018-10-07 22:24:02 UTC
PXKiNWfbH1U,2018-10-07 22:08:17 UTC
7cwHbimUrxA,2018-10-07 17:30:44 UTC
O0vlywWZy7I,2018-10-07 15:02:58 UTC
2mlZFar2iLA,2018-10-07 14:51:27 UTC
znpBb8Zy5CA,2018-10-07 14:17:34 UTC
aup6AOsIg-Q,2018-10-04 20:05:09 UTC
UfMnEEystJ0,2018-10-04 18:22:49 UTC
I74ymkoNTnw,2018-10-04 17:28:31 UTC
Sd7B6l8NaIQ,2018-10-04 03:01:41 UTC
4MxRhjHmiVw,2018-10-04 02:48:32 UTC
psm8aYF5Gn8,2018-10-04 02:31:43 UTC
T5E6dOro-Is,2018-10-04 00:39:29 UTC
wuU9XF0aqPk,2018-10-04 00:34:58 UTC
FUqfZnF-NNQ,2018-09-23 01:03:46 UTC
RrTjfH0x4cQ,2018-09-13 23:32:23 UTC
rksKvZoUCPQ,2018-09-09 19:17:50 UTC
AbV-Q6tz4B8,2018-09-08 20:56:48 UTC
9Pwo3TgnGy8,2018-09-08 20:52:45 UTC
J6pbiOe7buY,2018-09-08 20:32:34 UTC
f_FkNLoZVEA,2018-09-06 04:49:53 UTC
q7ZlJZhdBs8,2018-09-02 19:36:32 UTC
mRiYmYyZicM,2018-09-01 18:21:02 UTC
 -JRqdfQvaIs,2018-09-01 18:04:28 UTC
wVTIJBNBYoM,2018-09-01 16:23:28 UTC
zti4m-cZuKo,2018-09-01 03:30:03 UTC
PzyENavtLFo,2018-08-30 00:28:25 UTC
uVqoU2FzBiA,2018-08-29 23:40:57 UTC
mr9kK0_7x08,2018-08-23 01:06:48 UTC
dzvRIwCbT4g,2018-08-22 02:17:36 UTC
A8zWWp0akUU,2018-08-21 00:31:00 UTC
tRBuDo_e60U,2018-08-20 02:34:00 UTC
cAEw1J_x6C4,2018-08-19 23:14:09 UTC
8G995K6nj-Y,2018-08-19 22:52:03 UTC
E4KvPHSGFwA,2018-08-18 23:47:24 UTC
KnWhWVarfqM,2018-08-18 01:01:18 UTC
PIJElPStJpg,2018-08-15 01:55:38 UTC
ntWieh7YIgY,2018-08-13 01:56:24 UTC
BkpAro4zIwU,2018-08-12 00:11:48 UTC
EEY7m3p73g8,2018-08-11 20:33:27 UTC
h87H1ptbyeA,2018-08-11 19:36:45 UTC
IBouhf4seWQ,2018-08-11 02:01:43 UTC
k7bG3D8JQig,2018-08-11 01:16:55 UTC
YKRdpJd6w40,2018-08-10 00:53:04 UTC
pmN9ExDf3yQ,2018-08-09 02:43:09 UTC
XKu_SEDAykw,2018-08-09 00:59:41 UTC
3aZorQ1U7vM,2018-08-09 00:27:55 UTC
Ap2uWsJV25w,2018-08-09 00:17:12 UTC
EcojyBV4QJ4,2018-08-09 00:13:58 UTC
IWvbPIYQPFM,2018-08-08 23:54:41 UTC
UtNYzv8gLbs,2018-08-08 23:12:43 UTC
y3qfeoqErtY,2018-08-06 16:15:05 UTC
HVsySz-h9r4,2018-08-01 02:01:02 UTC
FdZecVxzJbk,2018-08-01 01:21:03 UTC
2DHE6lJcDmY,2018-07-31 23:25:21 UTC
tJ7LdrAqL0Y,2018-07-30 03:45:52 UTC
iDXIa8ivFEc,2018-07-29 21:33:45 UTC
X05Wn1ZAlfE,2018-07-29 01:57:56 UTC
1SrckSJvGc8,2018-07-28 03:51:27 UTC
ReVeUvwTGdU,2018-07-25 17:54:59 UTC
l3EjdcwDAqI,2018-07-22 23:09:17 UTC
uYS6uqONz3E,2018-07-22 21:10:02 UTC
e3PcnNiWygw,2018-07-22 20:31:03 UTC
SjNB4HL1R5M,2018-07-22 20:17:22 UTC
HetzwxXCO4E,2018-07-21 22:20:15 UTC
mGYmiQkah4o,2018-07-20 04:13:44 UTC
Cxnwvp_BdA0,2018-07-18 02:54:26 UTC
9NXd128URxo,2018-07-18 02:39:46 UTC
BenUFTkz6yA,2018-07-18 02:39:25 UTC
SLaB3jZ55as,2018-07-18 02:38:03 UTC
CNvr8ZiecgE,2018-07-18 02:37:54 UTC
WzshjSbhuTo,2018-07-18 02:37:40 UTC
OTHbFb1fNy4,2018-07-18 02:37:29 UTC
STt0dpgn900,2018-07-18 02:36:57 UTC
74pIfAOVuEA,2018-07-18 02:36:40 UTC
ohEoEd5a5oc,2018-07-18 02:36:21 UTC
FUcH9WV9yAo,2018-07-18 02:36:04 UTC
WEDIj9JBTC8,2018-07-18 02:35:54 UTC
QrxPuk0JefA,2018-07-18 02:35:30 UTC
8jafRIOpxoc,2018-07-18 02:35:08 UTC
Vt4Dfa4fOEY,2018-07-18 02:34:58 UTC
CSyg75XR1oE,2018-07-18 02:34:46 UTC
E0qlr22cF14,2018-07-18 02:34:31 UTC
M_66puew-Cg,2018-07-18 02:34:12 UTC
lWYX8CACBWc,2018-07-18 02:33:44 UTC
ju6ERMA_5xE,2018-07-18 02:33:15 UTC
9Bl0dyQoZsY,2018-07-18 02:33:01 UTC
S9JGmA5_unY,2018-07-18 02:32:48 UTC
AnflyII0ZR4,2018-07-18 02:32:39 UTC
rrDD5NTnoU4,2018-07-18 02:32:09 UTC
lAvCYuNxGS8,2018-07-18 02:31:59 UTC
4OC7cwI4RNM,2018-07-18 02:31:50 UTC
d7InRZokfzY,2018-07-18 02:31:40 UTC
V9cxN2RWn0A,2018-07-18 02:31:26 UTC
dNVtMmLlnoE,2018-07-18 02:31:10 UTC
t0K5dLR49wE,2018-07-18 02:30:53 UTC
j8Gp5eT9BMI,2018-07-18 02:30:03 UTC
5rf4LGT_GMg,2018-07-18 02:29:49 UTC
NVAupy52_Fo,2018-07-18 02:29:29 UTC
UfahXhY5IWQ,2018-07-18 02:29:20 UTC
ttwsMwG_Gco,2018-07-18 02:28:53 UTC
gni-wjXnl3Q,2018-07-18 02:28:41 UTC
hyEg_S7MxpI,2018-07-18 02:28:29 UTC
LHI3eK7I-zg,2018-07-18 02:28:19 UTC
FA0A2pbHkFE,2018-07-18 02:28:06 UTC
zR3Igc3Rhfg,2018-07-18 02:27:58 UTC
N-w9c6zYLS0,2018-07-18 02:27:47 UTC
GTtKLeDTCHo,2018-07-18 02:27:29 UTC
_qZom_Rwh3A,2018-07-18 02:27:17 UTC
gKgUE76udK4,2018-07-18 02:27:03 UTC
7z4hoazra_g,2018-07-18 02:26:46 UTC
EBn_OwkrMog,2018-07-18 02:26:14 UTC
7JIiOgJWlcs,2018-07-18 02:26:06 UTC
YwaTEbXDy5Q,2018-07-18 02:25:55 UTC
sKZTdkvr4qo,2018-07-18 02:25:37 UTC
aZND9dApFKU,2018-07-18 02:25:23 UTC
XOCgs_nMxDc,2018-07-18 02:25:15 UTC
_cqGC0Jsw88,2018-07-18 02:24:44 UTC
8SFOWAIqYE4,2018-07-18 02:24:31 UTC
QZ_8mKSDmDQ,2018-07-18 02:24:20 UTC
iOSCxFIGxfI,2018-07-18 02:24:07 UTC
u75KeUAMMIs,2018-07-18 02:23:54 UTC
uuRdGNnLiPQ,2018-07-18 02:23:44 UTC
JL-pGPVQ1a8,2018-07-18 02:23:22 UTC
5hym_RQGkjw,2018-07-18 02:23:04 UTC
IhMbRmPTYGQ,2018-07-18 02:22:54 UTC
7FWvB05C2Ms,2018-07-18 02:22:35 UTC
jrw7i1SqJnM,2018-07-18 02:22:18 UTC
T-JUZnT6rWY,2018-07-18 02:22:06 UTC
3ASsnytyauA,2018-07-18 02:21:54 UTC
jEy_czb3RKA,2018-07-18 02:21:43 UTC
hBqnscujuwU,2018-07-18 02:21:27 UTC
MtMWUPFWx2w,2018-07-18 02:21:12 UTC
uXuuiFuuT4o,2018-07-18 02:20:41 UTC
wzVprkrNlT8,2018-07-18 02:20:06 UTC
C95RlGwPepQ,2018-07-18 02:19:44 UTC
cj9tvIFcUeU,2018-07-18 02:18:23 UTC
Q7K59sHKCTM,2018-07-18 02:17:56 UTC
5v2wJqfifZU,2018-07-18 02:16:22 UTC
Ml9vfT3y448,2018-07-18 02:15:01 UTC
pQp6bmJPU_0,2018-07-18 02:14:50 UTC
46WSCihjoRI,2018-07-18 02:14:33 UTC
xSr8xesyp-s,2018-07-18 02:14:06 UTC
QnUhjnbZ0T8,2018-07-18 02:13:52 UTC
JWmafBBMHSk,2018-07-18 02:13:37 UTC
sU-hSFFwSmo,2018-07-18 02:13:24 UTC
GtH8lAzQf2A,2018-07-18 02:13:06 UTC
KPZhtGLfGn4,2018-07-18 02:12:49 UTC
hV8hOLOC_Hk,2018-07-18 02:12:29 UTC
bXUNb05VvtY,2018-07-18 02:11:55 UTC
nIr7PqvbUUk,2018-07-18 02:11:31 UTC
CNL5imM1tsY,2018-07-18 02:10:43 UTC
puln0lBOtzM,2018-07-18 02:10:28 UTC
BKorP55Aqvg,2018-07-18 02:08:51 UTC
Lc1vHM2fbak,2018-07-18 02:08:39 UTC
dzLtHqr1qjA,2018-07-18 02:07:46 UTC
Czbp4FN7UzI,2018-07-18 02:07:10 UTC
eMgmJEaYs70,2018-07-18 02:07:02 UTC
kd7KC3PaEaA,2018-07-18 02:06:39 UTC
J98jwtm5U4E,2018-07-18 02:04:30 UTC
g-jwWYX7Jlo,2018-07-18 02:04:21 UTC
O5QJbhx4uKM,2018-07-18 02:04:10 UTC
sBzrzS1Ag_g,2018-07-18 02:03:42 UTC
aSg2Db3jF_4,2018-07-18 02:03:15 UTC
VJ_kMossOes,2018-07-18 02:03:04 UTC
Z6_HlOqy2C0,2018-07-18 02:02:55 UTC
0uuus2cXzRY,2018-07-18 02:02:35 UTC
sTy-NeVaUL4,2018-07-18 02:02:20 UTC
RIz3klPET3o,2018-07-18 02:02:13 UTC
2eEB-vJic_o,2018-07-18 02:02:06 UTC
ajM4vYCZMZk,2018-07-18 02:01:54 UTC
6DiWsdfHw2Y,2018-07-18 02:01:47 UTC
FRG01YOEQGY,2018-07-18 02:01:35 UTC
NKGZtdzJAcU,2018-07-18 02:01:21 UTC
QM_SxMnaBN0,2018-07-18 02:01:13 UTC
02AUSxp5i8M,2018-07-18 02:00:43 UTC
XURrUd9SD08,2018-07-18 01:59:59 UTC
ES2_eNgrv4M,2018-07-18 01:59:51 UTC
6_B8pVoANyY,2018-07-18 01:59:44 UTC
 -X7_SmT1yi4,2018-07-18 01:59:35 UTC
9yZPUSu536I,2018-07-18 01:59:29 UTC
zhQJgOUF8Dc,2018-07-18 01:59:20 UTC
1Uf3gFR-6II,2018-07-18 01:59:07 UTC
Xc4xYacTu-E,2018-07-18 01:58:58 UTC
q5ggv-5s4bs,2018-07-18 01:58:28 UTC
1NFKuGaCa0k,2018-07-18 01:58:19 UTC
D5RodwkEzl0,2018-07-18 01:58:10 UTC
gMrNQbW5Am8,2018-07-18 01:58:02 UTC
6v1sVqgrD7w,2018-07-18 01:57:54 UTC
ggNRXu1avDk,2018-07-18 01:57:45 UTC
2L9RZYguI0Q,2018-07-18 01:57:38 UTC
ODetOE6cbbc,2018-07-18 01:57:31 UTC
vbEL_zQH46w,2018-07-18 01:57:19 UTC
MADCzUZClPA,2018-07-18 01:57:06 UTC
BOFt1gl_3ZM,2018-07-18 01:56:51 UTC
lrELRVFEx_s,2018-07-18 01:56:44 UTC
bLE7zsJk4AI,2018-07-18 01:56:32 UTC
fPzAABMozs0,2018-07-18 01:56:24 UTC
EHDwKIO-hfA,2018-07-18 01:56:00 UTC
QsdcYyg3HX4,2018-07-18 01:55:53 UTC
26U_seo0a1g,2018-07-18 01:55:42 UTC
wCu9W9xNwtI,2018-07-18 01:55:34 UTC
AEAMXgqwYG4,2018-07-18 01:55:28 UTC
O5MgXRr0v9A,2018-07-18 01:55:21 UTC
48O14oXoiBQ,2018-07-18 01:55:14 UTC
GPpZxOjvU10,2018-07-18 01:55:04 UTC
xUNGFZDO8mM,2018-07-18 01:54:57 UTC
I-s4kSMjmhY,2018-07-18 01:54:25 UTC
AP1Scjdy_Kc,2018-07-18 01:54:17 UTC
RVRyQtcL5mA,2018-07-18 01:54:00 UTC
g-GzPu934JM,2018-07-18 01:53:52 UTC
PMU9TQUDhow,2018-07-18 01:53:45 UTC
IdlZRhKmWJY,2018-07-18 01:53:35 UTC
D2IBGlDJ3lg,2018-07-18 01:53:26 UTC
blzp1mJffEU,2018-07-18 01:53:16 UTC
GSIDS_lvRv4,2018-07-18 01:53:08 UTC
YLIprZuhEKs,2018-07-18 01:53:02 UTC
9QLn3M69y9g,2018-07-18 01:52:54 UTC
bZdhbT7e4ew,2018-07-18 01:52:48 UTC
IcGmgrpW-94,2018-07-18 01:52:40 UTC
rdT1YT9AOPA,2018-07-18 01:52:32 UTC
6UR_H5XJkeM,2018-07-18 01:52:23 UTC
0MPG-aLD-EY,2018-07-18 01:52:15 UTC
sqMYoWm9i4s,2018-07-18 01:51:28 UTC
quh5jXYcbCo,2018-07-18 01:50:56 UTC
IxNb1WG_Ido,2018-07-18 01:50:49 UTC
s_HUYi9aVvI,2018-07-18 01:50:27 UTC
9K1DkRY8Ugg,2018-07-18 01:50:05 UTC
dGk-36bF6-Y,2018-07-18 01:49:55 UTC
Kycex1P1z_8,2018-07-18 01:49:45 UTC
92gGkVS8fBY,2018-07-18 01:49:30 UTC
bHJX6iYQJoM,2018-07-18 01:49:04 UTC
qorkD6nPYQM,2018-07-18 01:48:57 UTC
D_8RCgM6GUI,2018-07-18 01:48:45 UTC
iSu-MrCm-lA,2018-07-18 01:48:36 UTC
7ZmAmKFc3us,2018-07-18 01:48:15 UTC
tt6H1gSOx4Q,2018-07-18 01:48:06 UTC
adosstFAZRw,2018-07-18 01:47:58 UTC
8ZtInClXe1Q,2018-07-18 01:47:36 UTC
9y-XW45NxfM,2018-07-18 01:47:27 UTC
z9GXI_9DXF0,2018-07-18 01:47:19 UTC
0JtlpHkPTQ0,2018-07-18 01:46:58 UTC
YXQpgAAeLM4,2018-07-18 01:46:49 UTC
7zpWNB-Z1jo,2018-07-18 01:46:39 UTC
rzLOJUmZlDU,2018-07-18 01:46:31 UTC
g1QONg2b2JQ,2018-07-18 01:46:20 UTC
au3Zt6De7M0,2018-07-18 01:46:08 UTC
AxkJqA5_1I4,2018-07-18 01:45:55 UTC
UmSL2s0uDcg,2018-07-18 01:45:45 UTC
2hh6gscwcBY,2018-07-18 01:45:36 UTC
Vm-y-1HZSPo,2018-07-18 01:45:28 UTC
dcc1VyGvaYk,2018-07-18 01:45:15 UTC
4DEtKeRcHZE,2018-07-18 01:45:07 UTC
eJW9N-h8UgI,2018-07-18 01:45:00 UTC
jdYJf_ybyVo,2018-07-18 01:44:46 UTC
PFWz_6hnAEI,2018-07-18 01:44:34 UTC
PR8TcnslyDg,2018-07-18 01:44:17 UTC
TQJjikYad4k,2018-07-18 01:43:56 UTC
MNzBFgwkU0A,2018-07-18 01:43:42 UTC
oIRiniCbjSE,2018-07-18 01:43:34 UTC
I2Ej4Jpquas,2018-07-18 01:43:29 UTC
CIpOxa5hxOw,2018-07-18 01:43:25 UTC
zxK2JKeKdyg,2018-07-18 01:43:13 UTC
70wexyXIVig,2018-07-16 17:48:45 UTC
MWUGzBJAIdU,2018-07-15 19:03:03 UTC
JhHMJCUmq28,2018-07-15 18:45:56 UTC
6yaY4Fw-ovM,2018-07-15 18:43:54 UTC
skcCu4RUkAg,2018-07-15 05:16:25 UTC
bYwY5pIyEMs,2018-07-12 03:15:57 UTC
OXj79mvyf5Y,2018-07-12 03:05:39 UTC
0JDjLlgmCSw,2018-07-12 02:58:54 UTC
yQBGDRAYRJs,2018-07-12 02:47:55 UTC
TJ1SDXbij8Y,2018-07-12 02:25:08 UTC
D-Vsh9cSpFo,2018-07-12 02:06:03 UTC
Da-2h2B4faU,2018-07-09 05:30:00 UTC
TXzLvYN-HSc,2018-07-09 01:39:04 UTC
vcsGu9ug9J4,2018-07-09 01:35:13 UTC
qewIPPgq3tQ,2018-07-09 00:43:44 UTC
7xq55JYaZsM,2018-07-08 06:25:34 UTC
mHV6nb_4a-c,2018-07-08 06:00:22 UTC
WiWlEB5G6yA,2018-07-08 01:47:47 UTC
MNSyUU7Qs2U,2018-07-08 01:46:33 UTC
zcqZHYo7ONs,2018-07-07 22:06:19 UTC
lBg67f3GzJM,2018-07-07 06:36:02 UTC
712mV9jwMLo,2018-07-06 13:21:36 UTC
AQsEwVt6Oyo,2018-07-05 19:35:16 UTC
9Xc7DN-noAc,2018-07-05 17:50:19 UTC
 -IMqkg35adA,2018-07-05 15:33:50 UTC
YOC-pEIuHpA,2018-07-05 15:16:49 UTC
K74_FNnlIF8,2018-07-05 14:58:17 UTC
Y7rXlbHtcqM,2018-07-03 21:44:21 UTC
iR_viSDVeCY,2018-07-03 17:18:00 UTC
mwOfgrfrmDM,2018-07-02 08:55:44 UTC
Pz3QPVhurPg,2018-06-30 03:48:20 UTC
fo6M5iwe-xw,2018-06-30 02:50:44 UTC
FwHmgFgm_fc,2018-06-29 19:54:04 UTC
dK_QOvmLRa4,2018-06-29 17:36:01 UTC
OLHdzLpMg-s,2018-06-25 04:12:39 UTC
ZzxRtXN45G4,2018-06-25 02:42:09 UTC
0bzJknFEcfM,2018-06-24 21:30:59 UTC
pQvGrLKSMfU,2018-06-24 21:07:16 UTC
vd2NTQPl7D8,2018-06-24 18:15:54 UTC
EVbdbVhzcM4,2018-06-24 08:38:57 UTC
hpS4Iz4b9s0,2018-06-24 02:38:28 UTC
aa3VVZA0e5Y,2018-06-21 00:54:52 UTC
d2AgV_6HkDI,2018-06-18 04:32:27 UTC
hUrBKFG9Ilw,2018-06-17 18:04:42 UTC
ityEaDi_2Vc,2018-06-17 16:46:21 UTC
ixRKeQMa7Nc,2018-06-17 16:31:48 UTC
ARHFjBMxmsA,2018-06-16 19:01:56 UTC
EwkX1MnW-Bk,2018-06-15 01:33:24 UTC
ya_uIbpH0Zc,2018-06-12 22:40:02 UTC
PNNB8YO--y0,2018-06-12 19:22:03 UTC
FVDwCE7rDi0,2018-06-12 18:17:13 UTC
xvUW-rRmAO8,2018-06-11 04:16:13 UTC
225hwGfXHxY,2018-06-11 02:06:44 UTC
AUSKUPAu5f8,2018-06-11 01:58:56 UTC
VnFC-s2nOtI,2018-06-10 07:50:48 UTC
0A3qeTstM6I,2018-06-10 07:32:43 UTC
hajnEpCq5SE,2018-06-09 21:12:41 UTC
M8WDCzdXE7M,2018-06-04 02:03:45 UTC
T_7vhsSBi7c,2018-06-04 01:48:45 UTC
Ndjy5IBSKFI,2018-06-03 04:50:34 UTC
4o3NVOQp4jo,2018-06-03 03:58:03 UTC
l3OaBfXB424,2018-05-31 01:31:41 UTC
kpNbUN2_ebo,2018-05-25 03:46:26 UTC
Dg427G4M74E,2018-05-25 02:33:44 UTC
AOMpxsiUg2Q,2018-05-23 04:21:33 UTC
ysYYxkUVLJc,2018-05-23 00:18:12 UTC
2cbvZf1jIJM,2018-05-20 06:33:19 UTC
3p1NYtYce9w,2018-05-19 04:23:44 UTC
T537kDoMzNA,2018-05-19 03:58:58 UTC
9kalGB5Tyjk,2018-05-15 04:03:56 UTC
cmnxzHe6B1E,2018-05-15 03:14:34 UTC
HhoATZ1Imtw,2018-05-13 01:34:39 UTC
ylpqBTMukfs,2018-05-12 23:09:16 UTC
FJ5Sxlhn-3I,2018-05-10 06:41:26 UTC
nY7i7kj2jO4,2018-05-09 07:33:52 UTC
ZwEquW_Yij0,2018-05-08 04:44:16 UTC
H6A1VB99eRo,2018-05-08 01:46:53 UTC
Q1eEZfGtVa4,2018-05-07 20:18:51 UTC
DgrQpIKcVOg,2018-05-07 19:44:46 UTC
14NwNY1tEVg,2018-05-07 01:44:26 UTC
WAd7ty73gZI,2018-05-07 01:41:02 UTC
GfRf43JTqY4,2018-05-06 18:17:57 UTC
cJSQdCbbOeI,2018-05-06 05:52:45 UTC
MzT2rjC0tt0,2018-05-06 05:49:44 UTC
jyLFl-O3L0g,2018-05-06 01:02:08 UTC
VBKPQsKHgck,2018-05-05 23:38:01 UTC
yHhimTlvWTI,2018-05-04 22:14:48 UTC
c3zMvliehsE,2018-05-04 21:06:36 UTC
AsI8Jija6BE,2018-05-04 21:05:36 UTC
33IuKu_53iI,2018-05-04 20:49:50 UTC
LjeJmHg_S4A,2018-05-04 15:57:50 UTC
WEK4hw7hMgI,2018-04-29 21:09:08 UTC
0yyyb_HUpDg,2018-04-29 20:34:08 UTC
vvqpiHIY8bM,2018-04-29 06:43:06 UTC
__1Lg3ZRRsw,2018-04-29 03:44:00 UTC
cytyAgu9-bA,2018-04-23 23:43:07 UTC
P1ompKbegok,2018-04-23 05:41:18 UTC
L6UwQ7Mrtp0,2018-04-18 05:47:20 UTC
t3XFMbidu3M,2018-04-16 04:40:30 UTC
KtPpoMThKUs,2018-04-16 00:21:48 UTC
atEkAkPfpUY,2018-04-09 03:26:21 UTC
WAwRrtH-4Lg,2018-04-09 02:50:55 UTC
zBxqjF-c7jw,2018-04-08 05:53:47 UTC
BBCTESqxTsg,2018-04-07 23:22:57 UTC
zPJl2e38S4g,2018-04-04 05:02:00 UTC
wLFztjQDdzI,2018-04-03 04:40:25 UTC
9YvwRTTNfYw,2018-04-01 05:28:39 UTC
HluANRwPyNo,2018-04-01 05:20:18 UTC
pROBg4ReDuM,2018-04-01 01:54:40 UTC
RF-Mqs2qC-M,2018-03-31 15:46:39 UTC
vDtyaRoonx4,2018-03-31 15:27:18 UTC
bGz7mv2vD6g,2018-03-31 08:28:54 UTC
4pJYHjO1zQ8,2018-03-31 03:01:32 UTC
VWs1pRcO4cQ,2018-03-30 05:22:36 UTC
tVavEbHb7c4,2018-03-30 02:07:22 UTC
QAja2jp1VjE,2018-03-29 06:16:13 UTC
54wmMxi09pw,2018-03-28 04:47:46 UTC
oyC4lLTOyL8,2018-03-28 03:39:02 UTC
OcPqk-O-fD4,2018-03-28 03:02:42 UTC
aZla1ttZHaw,2018-03-25 03:41:59 UTC
 -pF5bV6bFOU,2018-03-22 14:26:05 UTC
pqQrL1K0Z5g,2018-03-22 06:51:22 UTC
ENJuNCkPfx0,2018-03-19 05:41:53 UTC
5GRyr0noXrw,2018-03-17 01:07:03 UTC
VdI1NXhAyRo,2018-03-14 22:58:25 UTC
g6hVgvr7o0o,2018-03-14 22:24:21 UTC
3KzeTC9SXgc,2018-03-14 19:07:57 UTC
hvoagWSOw_Y,2018-03-14 04:06:44 UTC
a8uyilHatBA,2018-03-14 04:06:11 UTC
BtbRpiI2xUA,2018-03-11 21:43:09 UTC
4d_FvgQ1csE,2018-03-11 20:50:03 UTC
zkEniI53KaI,2018-03-11 10:14:19 UTC
qDc_eLvT1v4,2018-03-11 05:04:24 UTC
fQ7ewHFw_I8,2018-03-11 03:21:13 UTC
2gsMPL3dBfU,2018-03-10 00:56:56 UTC
66ko_cWSHBU,2018-03-09 21:41:07 UTC
FW2Hvs5WaRY,2018-03-09 08:41:39 UTC
qGdBqbqE8pc,2018-03-09 03:30:42 UTC
LoFJVKiUpy4,2018-03-08 04:36:52 UTC
hbWeSHbL-rM,2018-03-08 03:48:42 UTC
AmN0YyaTD60,2018-03-08 03:23:46 UTC
JBEkRH4SmSA,2018-03-07 22:09:01 UTC
s-U1J5CCiY4,2018-03-07 07:19:17 UTC
70bhC9616zk,2018-03-07 07:05:46 UTC
ik2CZqsAw28,2018-03-07 06:56:39 UTC
ykOqvTHdMVw,2018-03-06 19:51:57 UTC
JGMKdwvLPIE,2018-03-06 18:12:37 UTC
4I4PQZ8mw1s,2018-03-05 20:40:36 UTC
T1KRQ3RcvXA,2018-03-05 20:31:18 UTC
r6Rp-uo6HmI,2018-03-05 07:26:23 UTC
vXBfwgwT1nQ,2018-03-05 06:34:19 UTC
U8LPWrbh2Gk,2018-01-27 17:26:24 UTC
 --xITOqlBCM,2018-01-26 19:20:20 UTC
zSakqtywY5c,2018-01-26 07:19:01 UTC
SGGmYOJV2FE,2018-01-26 07:15:35 UTC
m0xVoIfCE5c,2018-01-26 07:03:43 UTC
6gGwvc6nOKQ,2018-01-26 06:51:38 UTC
E87aCLSqMeM,2018-01-26 06:47:30 UTC
ZN9giM9ag5o,2018-01-26 03:12:43 UTC
DEdQmqAG24Q,2018-01-26 02:42:06 UTC
pADaCLqhP1E,2018-01-17 06:19:57 UTC
d9W2GO1LhP4,2018-01-17 05:48:32 UTC
re8HtF7ZUL4,2018-01-17 04:48:26 UTC

